target_IL,target_OL,target_RPS,experiment_IL,experiment_OL,max_sustainable_rps,instances_needed,capacity_per_instance,total_capacity,test_name,scenario
1000.0,300.0,1.0,1000.0,300.0,2.0,1,2.0,2.0,1-15K_300,vary_RPS
1000.0,300.0,2.0,1000.0,300.0,2.0,1,2.0,2.0,1-15K_300,vary_RPS
1000.0,300.0,3.0,1000.0,300.0,2.0,2,2.0,4.0,1-15K_300,vary_RPS
1000.0,300.0,4.0,1000.0,300.0,2.0,2,2.0,4.0,1-15K_300,vary_RPS
1000.0,300.0,6.0,1000.0,300.0,2.0,3,2.0,6.0,1-15K_300,vary_RPS
1000.0,150.0,2.0,1000.0,300.0,2.0,1,2.0,2.0,1-15K_300,vary_OL
1000.0,300.0,2.0,1000.0,300.0,2.0,1,2.0,2.0,1-15K_300,vary_OL
1000.0,450.0,2.0,1000.0,300.0,2.0,1,2.0,2.0,1-15K_300,vary_OL
1000.0,600.0,2.0,1000.0,300.0,2.0,1,2.0,2.0,1-15K_300,vary_OL
500.0,300.0,2.0,1000.0,300.0,2.0,1,2.0,2.0,1-15K_300,vary_IL
1000.0,300.0,2.0,1000.0,300.0,2.0,1,2.0,2.0,1-15K_300,vary_IL
1500.0,300.0,2.0,1000.0,300.0,2.0,1,2.0,2.0,1-15K_300,vary_IL
2000.0,300.0,2.0,1000.0,300.0,2.0,1,2.0,2.0,1-15K_300,vary_IL
5000.0,100.0,1.0,5000.0,100.0,2.0,1,2.0,2.0,5K_100-2K,vary_RPS
5000.0,100.0,2.0,5000.0,100.0,2.0,1,2.0,2.0,5K_100-2K,vary_RPS
5000.0,100.0,3.0,5000.0,100.0,2.0,2,2.0,4.0,5K_100-2K,vary_RPS
5000.0,100.0,4.0,5000.0,100.0,2.0,2,2.0,4.0,5K_100-2K,vary_RPS
5000.0,100.0,6.0,5000.0,100.0,2.0,3,2.0,6.0,5K_100-2K,vary_RPS
5000.0,50.0,2.0,5000.0,100.0,2.0,1,2.0,2.0,5K_100-2K,vary_OL
5000.0,100.0,2.0,5000.0,100.0,2.0,1,2.0,2.0,5K_100-2K,vary_OL
5000.0,150.0,2.0,5000.0,100.0,2.0,1,2.0,2.0,5K_100-2K,vary_OL
5000.0,200.0,2.0,5000.0,100.0,2.0,1,2.0,2.0,5K_100-2K,vary_OL
2500.0,100.0,2.0,5000.0,100.0,2.0,1,2.0,2.0,5K_100-2K,vary_IL
5000.0,100.0,2.0,5000.0,100.0,2.0,1,2.0,2.0,5K_100-2K,vary_IL
7500.0,100.0,2.0,5000.0,100.0,2.0,1,2.0,2.0,5K_100-2K,vary_IL
10000.0,100.0,2.0,5000.0,100.0,2.0,1,2.0,2.0,5K_100-2K,vary_IL
5000.0,500.0,2.2,5000.0,500.0,4.4,1,4.4,4.4,5K_500,vary_RPS
5000.0,500.0,4.4,5000.0,500.0,4.4,1,4.4,4.4,5K_500,vary_RPS
5000.0,500.0,6.6000000000000005,5000.0,500.0,4.4,2,4.4,8.8,5K_500,vary_RPS
5000.0,500.0,8.8,5000.0,500.0,4.4,2,4.4,8.8,5K_500,vary_RPS
5000.0,500.0,13.200000000000001,5000.0,500.0,4.4,3,4.4,13.200000000000001,5K_500,vary_RPS
5000.0,250.0,4.4,5000.0,500.0,4.4,1,4.4,4.4,5K_500,vary_OL
5000.0,500.0,4.4,5000.0,500.0,4.4,1,4.4,4.4,5K_500,vary_OL
5000.0,750.0,4.4,5000.0,500.0,4.4,1,4.4,4.4,5K_500,vary_OL
5000.0,1000.0,4.4,5000.0,500.0,4.4,1,4.4,4.4,5K_500,vary_OL
2500.0,500.0,4.4,5000.0,500.0,4.4,1,4.4,4.4,5K_500,vary_IL
5000.0,500.0,4.4,5000.0,500.0,4.4,1,4.4,4.4,5K_500,vary_IL
7500.0,500.0,4.4,5000.0,500.0,4.4,1,4.4,4.4,5K_500,vary_IL
10000.0,500.0,4.4,5000.0,500.0,4.4,1,4.4,4.4,5K_500,vary_IL
5000.0,200.0,3.4,5000.0,200.0,6.8,1,6.8,6.8,5K_200,vary_RPS
5000.0,200.0,6.8,5000.0,200.0,6.8,1,6.8,6.8,5K_200,vary_RPS
5000.0,200.0,10.2,5000.0,200.0,6.8,2,6.8,13.6,5K_200,vary_RPS
5000.0,200.0,13.6,5000.0,200.0,6.8,2,6.8,13.6,5K_200,vary_RPS
5000.0,200.0,20.4,5000.0,200.0,6.8,3,6.8,20.4,5K_200,vary_RPS
5000.0,100.0,6.8,5000.0,200.0,6.8,1,6.8,6.8,5K_200,vary_OL
5000.0,200.0,6.8,5000.0,200.0,6.8,1,6.8,6.8,5K_200,vary_OL
5000.0,300.0,6.8,5000.0,200.0,6.8,1,6.8,6.8,5K_200,vary_OL
5000.0,400.0,6.8,5000.0,200.0,6.8,1,6.8,6.8,5K_200,vary_OL
2500.0,200.0,6.8,5000.0,200.0,6.8,1,6.8,6.8,5K_200,vary_IL
5000.0,200.0,6.8,5000.0,200.0,6.8,1,6.8,6.8,5K_200,vary_IL
7500.0,200.0,6.8,5000.0,200.0,6.8,1,6.8,6.8,5K_200,vary_IL
10000.0,200.0,6.8,5000.0,200.0,6.8,1,6.8,6.8,5K_200,vary_IL
6000.0,100.0,2.6,6000.0,100.0,5.2,1,5.2,5.2,6K_100,vary_RPS
6000.0,100.0,5.2,6000.0,100.0,5.2,1,5.2,5.2,6K_100,vary_RPS
6000.0,100.0,7.800000000000001,6000.0,100.0,5.2,2,5.2,10.4,6K_100,vary_RPS
6000.0,100.0,10.4,6000.0,100.0,5.2,2,5.2,10.4,6K_100,vary_RPS
6000.0,100.0,15.600000000000001,6000.0,100.0,5.2,3,5.2,15.600000000000001,6K_100,vary_RPS
6000.0,50.0,5.2,6000.0,100.0,5.2,1,5.2,5.2,6K_100,vary_OL
6000.0,100.0,5.2,6000.0,100.0,5.2,1,5.2,5.2,6K_100,vary_OL
6000.0,150.0,5.2,6000.0,100.0,5.2,1,5.2,5.2,6K_100,vary_OL
6000.0,200.0,5.2,6000.0,100.0,5.2,1,5.2,5.2,6K_100,vary_OL
3000.0,100.0,5.2,6000.0,100.0,5.2,1,5.2,5.2,6K_100,vary_IL
6000.0,100.0,5.2,6000.0,100.0,5.2,1,5.2,5.2,6K_100,vary_IL
9000.0,100.0,5.2,6000.0,100.0,5.2,1,5.2,5.2,6K_100,vary_IL
12000.0,100.0,5.2,6000.0,100.0,5.2,1,5.2,5.2,6K_100,vary_IL
200.0,1000.0,10.0,200.0,1000.0,20.0,1,20.0,20.0,200_1K,vary_RPS
200.0,1000.0,20.0,200.0,1000.0,20.0,1,20.0,20.0,200_1K,vary_RPS
200.0,1000.0,30.0,200.0,1000.0,20.0,2,20.0,40.0,200_1K,vary_RPS
200.0,1000.0,40.0,200.0,1000.0,20.0,2,20.0,40.0,200_1K,vary_RPS
200.0,1000.0,60.0,200.0,1000.0,20.0,3,20.0,60.0,200_1K,vary_RPS
200.0,500.0,20.0,200.0,1000.0,20.0,1,20.0,20.0,200_1K,vary_OL
200.0,1000.0,20.0,200.0,1000.0,20.0,1,20.0,20.0,200_1K,vary_OL
200.0,1500.0,20.0,200.0,1000.0,20.0,1,20.0,20.0,200_1K,vary_OL
200.0,2000.0,20.0,200.0,1000.0,20.0,1,20.0,20.0,200_1K,vary_OL
100.0,1000.0,20.0,200.0,1000.0,20.0,1,20.0,20.0,200_1K,vary_IL
200.0,1000.0,20.0,200.0,1000.0,20.0,1,20.0,20.0,200_1K,vary_IL
300.0,1000.0,20.0,200.0,1000.0,20.0,1,20.0,20.0,200_1K,vary_IL
400.0,1000.0,20.0,200.0,1000.0,20.0,1,20.0,20.0,200_1K,vary_IL
4000.0,100.0,4.0,4000.0,100.0,8.0,1,8.0,8.0,4K_100,vary_RPS
4000.0,100.0,8.0,4000.0,100.0,8.0,1,8.0,8.0,4K_100,vary_RPS
4000.0,100.0,12.0,4000.0,100.0,8.0,2,8.0,16.0,4K_100,vary_RPS
4000.0,100.0,16.0,4000.0,100.0,8.0,2,8.0,16.0,4K_100,vary_RPS
4000.0,100.0,24.0,4000.0,100.0,8.0,3,8.0,24.0,4K_100,vary_RPS
4000.0,50.0,8.0,4000.0,100.0,8.0,1,8.0,8.0,4K_100,vary_OL
4000.0,100.0,8.0,4000.0,100.0,8.0,1,8.0,8.0,4K_100,vary_OL
4000.0,150.0,8.0,4000.0,100.0,8.0,1,8.0,8.0,4K_100,vary_OL
4000.0,200.0,8.0,4000.0,100.0,8.0,1,8.0,8.0,4K_100,vary_OL
2000.0,100.0,8.0,4000.0,100.0,8.0,1,8.0,8.0,4K_100,vary_IL
4000.0,100.0,8.0,4000.0,100.0,8.0,1,8.0,8.0,4K_100,vary_IL
6000.0,100.0,8.0,4000.0,100.0,8.0,1,8.0,8.0,4K_100,vary_IL
8000.0,100.0,8.0,4000.0,100.0,8.0,1,8.0,8.0,4K_100,vary_IL
400.0,400.0,20.0,400.0,400.0,40.0,1,40.0,40.0,400_400,vary_RPS
400.0,400.0,40.0,400.0,400.0,40.0,1,40.0,40.0,400_400,vary_RPS
400.0,400.0,60.0,400.0,400.0,40.0,2,40.0,80.0,400_400,vary_RPS
400.0,400.0,80.0,400.0,400.0,40.0,2,40.0,80.0,400_400,vary_RPS
400.0,400.0,120.0,400.0,400.0,40.0,3,40.0,120.0,400_400,vary_RPS
400.0,200.0,40.0,400.0,400.0,40.0,1,40.0,40.0,400_400,vary_OL
400.0,400.0,40.0,400.0,400.0,40.0,1,40.0,40.0,400_400,vary_OL
400.0,600.0,40.0,400.0,400.0,40.0,1,40.0,40.0,400_400,vary_OL
400.0,800.0,40.0,400.0,400.0,40.0,1,40.0,40.0,400_400,vary_OL
200.0,400.0,40.0,400.0,400.0,40.0,1,40.0,40.0,400_400,vary_IL
400.0,400.0,40.0,400.0,400.0,40.0,1,40.0,40.0,400_400,vary_IL
600.0,400.0,40.0,400.0,400.0,40.0,1,40.0,40.0,400_400,vary_IL
800.0,400.0,40.0,400.0,400.0,40.0,1,40.0,40.0,400_400,vary_IL
20.0,1600.0,2.5,20.0,1600.0,5.0,1,5.0,5.0,20_2-3K,vary_RPS
20.0,1600.0,5.0,20.0,1600.0,5.0,1,5.0,5.0,20_2-3K,vary_RPS
20.0,1600.0,7.5,20.0,1600.0,5.0,2,5.0,10.0,20_2-3K,vary_RPS
20.0,1600.0,10.0,20.0,1600.0,5.0,2,5.0,10.0,20_2-3K,vary_RPS
20.0,1600.0,15.0,20.0,1600.0,5.0,3,5.0,15.0,20_2-3K,vary_RPS
20.0,800.0,5.0,20.0,1600.0,5.0,1,5.0,5.0,20_2-3K,vary_OL
20.0,1600.0,5.0,20.0,1600.0,5.0,1,5.0,5.0,20_2-3K,vary_OL
20.0,2400.0,5.0,20.0,1600.0,5.0,1,5.0,5.0,20_2-3K,vary_OL
20.0,3200.0,5.0,20.0,1600.0,5.0,1,5.0,5.0,20_2-3K,vary_OL
10.0,1600.0,5.0,20.0,1600.0,5.0,1,5.0,5.0,20_2-3K,vary_IL
20.0,1600.0,5.0,20.0,1600.0,5.0,1,5.0,5.0,20_2-3K,vary_IL
30.0,1600.0,5.0,20.0,1600.0,5.0,1,5.0,5.0,20_2-3K,vary_IL
40.0,1600.0,5.0,20.0,1600.0,5.0,1,5.0,5.0,20_2-3K,vary_IL
5000.0,20.0,2.5,5000.0,20.0,5.0,1,5.0,5.0,5-8K_20,vary_RPS
5000.0,20.0,5.0,5000.0,20.0,5.0,1,5.0,5.0,5-8K_20,vary_RPS
5000.0,20.0,7.5,5000.0,20.0,5.0,2,5.0,10.0,5-8K_20,vary_RPS
5000.0,20.0,10.0,5000.0,20.0,5.0,2,5.0,10.0,5-8K_20,vary_RPS
5000.0,20.0,15.0,5000.0,20.0,5.0,3,5.0,15.0,5-8K_20,vary_RPS
5000.0,10.0,5.0,5000.0,20.0,5.0,1,5.0,5.0,5-8K_20,vary_OL
5000.0,20.0,5.0,5000.0,20.0,5.0,1,5.0,5.0,5-8K_20,vary_OL
5000.0,30.0,5.0,5000.0,20.0,5.0,1,5.0,5.0,5-8K_20,vary_OL
5000.0,40.0,5.0,5000.0,20.0,5.0,1,5.0,5.0,5-8K_20,vary_OL
2500.0,20.0,5.0,5000.0,20.0,5.0,1,5.0,5.0,5-8K_20,vary_IL
5000.0,20.0,5.0,5000.0,20.0,5.0,1,5.0,5.0,5-8K_20,vary_IL
7500.0,20.0,5.0,5000.0,20.0,5.0,1,5.0,5.0,5-8K_20,vary_IL
10000.0,20.0,5.0,5000.0,20.0,5.0,1,5.0,5.0,5-8K_20,vary_IL
5000.0,10.0,2.5,5000.0,10.0,5.0,1,5.0,5.0,5-8K_10,vary_RPS
5000.0,10.0,5.0,5000.0,10.0,5.0,1,5.0,5.0,5-8K_10,vary_RPS
5000.0,10.0,7.5,5000.0,10.0,5.0,2,5.0,10.0,5-8K_10,vary_RPS
5000.0,10.0,10.0,5000.0,10.0,5.0,2,5.0,10.0,5-8K_10,vary_RPS
5000.0,10.0,15.0,5000.0,10.0,5.0,3,5.0,15.0,5-8K_10,vary_RPS
5000.0,5.0,5.0,5000.0,10.0,5.0,1,5.0,5.0,5-8K_10,vary_OL
5000.0,10.0,5.0,5000.0,10.0,5.0,1,5.0,5.0,5-8K_10,vary_OL
5000.0,15.0,5.0,5000.0,10.0,5.0,1,5.0,5.0,5-8K_10,vary_OL
5000.0,20.0,5.0,5000.0,10.0,5.0,1,5.0,5.0,5-8K_10,vary_OL
2500.0,10.0,5.0,5000.0,10.0,5.0,1,5.0,5.0,5-8K_10,vary_IL
5000.0,10.0,5.0,5000.0,10.0,5.0,1,5.0,5.0,5-8K_10,vary_IL
7500.0,10.0,5.0,5000.0,10.0,5.0,1,5.0,5.0,5-8K_10,vary_IL
10000.0,10.0,5.0,5000.0,10.0,5.0,1,5.0,5.0,5-8K_10,vary_IL
1000.0,10.0,19.0,1000.0,10.0,38.0,1,38.0,38.0,1K_10,vary_RPS
1000.0,10.0,38.0,1000.0,10.0,38.0,1,38.0,38.0,1K_10,vary_RPS
1000.0,10.0,57.0,1000.0,10.0,38.0,2,38.0,76.0,1K_10,vary_RPS
1000.0,10.0,76.0,1000.0,10.0,38.0,2,38.0,76.0,1K_10,vary_RPS
1000.0,10.0,114.0,1000.0,10.0,38.0,3,38.0,114.0,1K_10,vary_RPS
1000.0,5.0,38.0,1000.0,10.0,38.0,1,38.0,38.0,1K_10,vary_OL
1000.0,10.0,38.0,1000.0,10.0,38.0,1,38.0,38.0,1K_10,vary_OL
1000.0,15.0,38.0,1000.0,10.0,38.0,1,38.0,38.0,1K_10,vary_OL
1000.0,20.0,38.0,1000.0,10.0,38.0,1,38.0,38.0,1K_10,vary_OL
500.0,10.0,38.0,1000.0,10.0,38.0,1,38.0,38.0,1K_10,vary_IL
1000.0,10.0,38.0,1000.0,10.0,38.0,1,38.0,38.0,1K_10,vary_IL
1500.0,10.0,38.0,1000.0,10.0,38.0,1,38.0,38.0,1K_10,vary_IL
2000.0,10.0,38.0,1000.0,10.0,38.0,1,38.0,38.0,1K_10,vary_IL
4000.0,20.0,4.0,4000.0,20.0,8.0,1,8.0,8.0,4K_20,vary_RPS
4000.0,20.0,8.0,4000.0,20.0,8.0,1,8.0,8.0,4K_20,vary_RPS
4000.0,20.0,12.0,4000.0,20.0,8.0,2,8.0,16.0,4K_20,vary_RPS
4000.0,20.0,16.0,4000.0,20.0,8.0,2,8.0,16.0,4K_20,vary_RPS
4000.0,20.0,24.0,4000.0,20.0,8.0,3,8.0,24.0,4K_20,vary_RPS
4000.0,10.0,8.0,4000.0,20.0,8.0,1,8.0,8.0,4K_20,vary_OL
4000.0,20.0,8.0,4000.0,20.0,8.0,1,8.0,8.0,4K_20,vary_OL
4000.0,30.0,8.0,4000.0,20.0,8.0,1,8.0,8.0,4K_20,vary_OL
4000.0,40.0,8.0,4000.0,20.0,8.0,1,8.0,8.0,4K_20,vary_OL
2000.0,20.0,8.0,4000.0,20.0,8.0,1,8.0,8.0,4K_20,vary_IL
4000.0,20.0,8.0,4000.0,20.0,8.0,1,8.0,8.0,4K_20,vary_IL
6000.0,20.0,8.0,4000.0,20.0,8.0,1,8.0,8.0,4K_20,vary_IL
8000.0,20.0,8.0,4000.0,20.0,8.0,1,8.0,8.0,4K_20,vary_IL
