 In-Tok , Out-Tok , RPS , test-name , TTFT , Prefill , L_TTFT , L_P95_TTFT , L_P98_TTFT , ITL , E2E , PPS , GPS , Run , MaxRun , Kvcache , MaxKvcache ,,,,,,,,,,,,,,,,,,,,,,,,,,,,,,,,,,,,,,,,,,,,,,,,,,,,,,,,,,,,,,,,,,,,,,,,,,,,,,,,,,,,,,,,
1000,300,2,1-15K_300,0.036813166,0.03151607,0.049095033,0.063904262,0.072164009,0.006621296,2.016169962,2174.816667,603.8444444,4,8.5,0.011850272,0.025019395,,,,,,,,,,,,,,,,,,,,,,,,,,,,,,,,,,,,,,,,,,,,,,,,,,,,,,,,,,,,,,,,,,,,,,,,,,,,,,,,,,,,,,,,
2000,300,2,1-15K_300,0.062462588,0.054630473,0.076301067,0.111241841,0.122858415,0.007490852,2.300878753,4546.616667,634.6944444,4.65,11,0.025965865,0.060861133,,,,,,,,,,,,,,,,,,,,,,,,,,,,,,,,,,,,,,,,,,,,,,,,,,,,,,,,,,,,,,,,,,,,,,,,,,,,,,,,,,,,,,,,
3000,300,2,1-15K_300,0.090961071,0.082817684,0.106331528,0.157679176,0.19386476,0.00810168,2.50206585,6074.711111,555.7111111,4.55,8.5,0.036869666,0.069743988,,,,,,,,,,,,,,,,,,,,,,,,,,,,,,,,,,,,,,,,,,,,,,,,,,,,,,,,,,,,,,,,,,,,,,,,,,,,,,,,,,,,,,,,
4000,300,2,1-15K_300,0.124637087,0.111357021,0.141549439,0.226913404,0.240512648,0.009022243,2.820925993,7931.3,549.55,5.45,9.5,0.05821955,0.101745539,,,,,,,,,,,,,,,,,,,,,,,,,,,,,,,,,,,,,,,,,,,,,,,,,,,,,,,,,,,,,,,,,,,,,,,,,,,,,,,,,,,,,,,,
5000,300,2,1-15K_300,0.174863895,0.147989076,0.193742292,0.35423345,0.40572762,0.011071214,3.463462225,10865.05,594.3777778,6.1,11,0.080896043,0.144763382,,,,,,,,,,,,,,,,,,,,,,,,,,,,,,,,,,,,,,,,,,,,,,,,,,,,,,,,,,,,,,,,,,,,,,,,,,,,,,,,,,,,,,,,
6000,300,2,1-15K_300,0.212433514,0.189139219,0.232862473,0.407242823,0.516730375,0.012433207,3.884498505,12576.57778,567.2222222,7.45,14,0.118211792,0.221993794,,,,,,,,,,,,,,,,,,,,,,,,,,,,,,,,,,,,,,,,,,,,,,,,,,,,,,,,,,,,,,,,,,,,,,,,,,,,,,,,,,,,,,,,
7000,300,2,1-15K_300,0.274495111,0.235993304,0.298311043,0.587977493,0.730203784,0.015848882,5.074650036,15042.45556,595.5388889,8.65,16.5,0.159775019,0.304926299,,,,,,,,,,,,,,,,,,,,,,,,,,,,,,,,,,,,,,,,,,,,,,,,,,,,,,,,,,,,,,,,,,,,,,,,,,,,,,,,,,,,,,,,
8000,300,2,1-15K_300,0.357012879,0.291887432,0.385420988,0.793091965,0.892394528,0.023421438,7.154400065,18614.48333,615.0944444,14.55,28.5,0.305686579,0.598642358,,,,,,,,,,,,,,,,,,,,,,,,,,,,,,,,,,,,,,,,,,,,,,,,,,,,,,,,,,,,,,,,,,,,,,,,,,,,,,,,,,,,,,,,
9000,300,2,1-15K_300,0.444136953,0.364648259,0.469832845,1.025178879,1.246310697,0.027628286,8.823003645,18810.70556,568.9555556,14.8,32.5,0.349681924,0.767339022,,,,,,,,,,,,,,,,,,,,,,,,,,,,,,,,,,,,,,,,,,,,,,,,,,,,,,,,,,,,,,,,,,,,,,,,,,,,,,,,,,,,,,,,
10000,300,2,1-15K_300,0.726525671,0.401368251,0.840677032,2.47937423,2.889855647,0.039794129,12.32270471,20836.56111,543.0555556,21.9,33.5,0.574049651,0.880799069,,,,,,,,,,,,,,,,,,,,,,,,,,,,,,,,,,,,,,,,,,,,,,,,,,,,,,,,,,,,,,,,,,,,,,,,,,,,,,,,,,,,,,,,
11000,300,2,1-15K_300,2.807496514,0.529953513,2.874710241,5.830077088,6.62894166,0.043814523,15.3223806,21315.11333,514.2644444,23.51818182,34,0.67751675,0.983397983,,,,,,,,,,,,,,,,,,,,,,,,,,,,,,,,,,,,,,,,,,,,,,,,,,,,,,,,,,,,,,,,,,,,,,,,,,,,,,,,,,,,,,,,
12000,300,2,1-15K_300,5.947334814,0.817338884,6.152895697,14.47549859,14.80712919,0.055247099,20.6190367,22508.98,474.025,26.90909091,31.5,0.842778052,0.988983708,,,,,,,,,,,,,,,,,,,,,,,,,,,,,,,,,,,,,,,,,,,,,,,,,,,,,,,,,,,,,,,,,,,,,,,,,,,,,,,,,,,,,,,,
13000,300,2,1-15K_300,8.059921446,0.787612566,7.938246319,16.94382566,17.69300247,0.053554148,24.08851852,22710.10273,451.4781818,25.06818182,29,0.851456379,0.989604344,,,,,,,,,,,,,,,,,,,,,,,,,,,,,,,,,,,,,,,,,,,,,,,,,,,,,,,,,,,,,,,,,,,,,,,,,,,,,,,,,,,,,,,,
14000,300,2,1-15K_300,13.11981906,1.044271984,12.07090213,24.46651067,25.2727076,0.053560282,27.99896211,22186.48068,411.4068182,23.48717949,27.5,0.855362684,0.995073701,,,,,,,,,,,,,,,,,,,,,,,,,,,,,,,,,,,,,,,,,,,,,,,,,,,,,,,,,,,,,,,,,,,,,,,,,,,,,,,,,,,,,,,,
15000,300,2,1-15K_300,11.04159246,0.934940584,10.0705309,22.24316555,23.39651304,0.053300864,27.94116615,21756.10871,390.5458333,21.7275641,25,0.849010115,0.982389449,,,,,,,,,,,,,,,,,,,,,,,,,,,,,,,,,,,,,,,,,,,,,,,,,,,,,,,,,,,,,,,,,,,,,,,,,,,,,,,,,,,,,,,,
5000,100,2,5K_100-2K,0.172925482,0.150383084,0.189971341,0.355519086,0.422158577,0.00968155,1.125546884,11058.26875,204.18125,2.388888889,5.5,0.031234376,0.071761055,,,,,,,,,,,,,,,,,,,,,,,,,,,,,,,,,,,,,,,,,,,,,,,,,,,,,,,,,,,,,,,,,,,,,,,,,,,,,,,,,,,,,,,,
5000,200,2,5K_100-2K,0.164161822,0.146034856,0.18312027,0.323592103,0.362150812,0.009958536,2.057406991,10749.97778,401.0555556,4.35,9.5,0.057327386,0.124864236,,,,,,,,,,,,,,,,,,,,,,,,,,,,,,,,,,,,,,,,,,,,,,,,,,,,,,,,,,,,,,,,,,,,,,,,,,,,,,,,,,,,,,,,
5000,300,2,5K_100-2K,0.180103543,0.155849175,0.199356971,0.367182642,0.395217574,0.011780866,3.677326454,11221.14444,618.8111111,6.4,14.5,0.08515128,0.193134213,,,,,,,,,,,,,,,,,,,,,,,,,,,,,,,,,,,,,,,,,,,,,,,,,,,,,,,,,,,,,,,,,,,,,,,,,,,,,,,,,,,,,,,,
5000,400,2,5K_100-2K,0.17207564,0.152628464,0.192876948,0.319141901,0.351920075,0.011676885,4.789845319,10128.84444,742.8555556,7.15,18,0.095996897,0.241466253,,,,,,,,,,,,,,,,,,,,,,,,,,,,,,,,,,,,,,,,,,,,,,,,,,,,,,,,,,,,,,,,,,,,,,,,,,,,,,,,,,,,,,,,
5000,500,2,5K_100-2K,0.177716926,0.152935608,0.198254396,0.361174446,0.399424853,0.012692933,6.358481216,10510.31111,942.4055556,11.65,23.5,0.157734678,0.317261443,,,,,,,,,,,,,,,,,,,,,,,,,,,,,,,,,,,,,,,,,,,,,,,,,,,,,,,,,,,,,,,,,,,,,,,,,,,,,,,,,,,,,,,,
5000,600,2,5K_100-2K,0.167313518,0.151607973,0.186983069,0.29341172,0.357726712,0.01281616,7.627520728,9472.177778,998.05,13.1,25,0.178762607,0.342086889,,,,,,,,,,,,,,,,,,,,,,,,,,,,,,,,,,,,,,,,,,,,,,,,,,,,,,,,,,,,,,,,,,,,,,,,,,,,,,,,,,,,,,,,
5000,700,2,5K_100-2K,0.183354509,0.159021605,0.20503954,0.345449358,0.387136095,0.016223875,11.18867822,10865.14444,1315.527778,21.1,37.5,0.291148177,0.518774244,,,,,,,,,,,,,,,,,,,,,,,,,,,,,,,,,,,,,,,,,,,,,,,,,,,,,,,,,,,,,,,,,,,,,,,,,,,,,,,,,,,,,,,,
5000,800,2,5K_100-2K,0.183525546,0.160677028,0.205575325,0.348539811,0.426037145,0.016070387,12.89120055,10507.92778,1452.561111,22.15,34.5,0.308491078,0.484328937,,,,,,,,,,,,,,,,,,,,,,,,,,,,,,,,,,,,,,,,,,,,,,,,,,,,,,,,,,,,,,,,,,,,,,,,,,,,,,,,,,,,,,,,
5000,900,2,5K_100-2K,0.193631117,0.169085749,0.216403642,0.366412091,0.449077787,0.017641515,15.81488862,9618.035,1538.117222,27.10454545,42.5,0.380052895,0.596896819,,,,,,,,,,,,,,,,,,,,,,,,,,,,,,,,,,,,,,,,,,,,,,,,,,,,,,,,,,,,,,,,,,,,,,,,,,,,,,,,,,,,,,,,
5000,1000,2,5K_100-2K,0.192570417,0.161949844,0.21455633,0.351967472,0.483327293,0.019379795,19.24403096,9324.375,1729.395,31.22727273,49.5,0.442703999,0.696974399,,,,,,,,,,,,,,,,,,,,,,,,,,,,,,,,,,,,,,,,,,,,,,,,,,,,,,,,,,,,,,,,,,,,,,,,,,,,,,,,,,,,,,,,
5000,1100,2,5K_100-2K,0.18591695,0.166523017,0.208751346,0.329674631,0.404916639,0.019518618,21.44428201,8629.755,1730.42,32.22727273,54,0.460272234,0.776842514,,,,,,,,,,,,,,,,,,,,,,,,,,,,,,,,,,,,,,,,,,,,,,,,,,,,,,,,,,,,,,,,,,,,,,,,,,,,,,,,,,,,,,,,
5000,1200,2,5K_100-2K,0.186098112,0.16470374,0.208386009,0.332094586,0.377031903,0.018738186,22.49470132,8098.06,1746.455,31.90909091,47.5,0.459020382,0.679402638,,,,,,,,,,,,,,,,,,,,,,,,,,,,,,,,,,,,,,,,,,,,,,,,,,,,,,,,,,,,,,,,,,,,,,,,,,,,,,,,,,,,,,,,
5000,1300,2,5K_100-2K,0.877580624,0.194479595,0.902529565,3.984678441,4.204362426,0.025104176,32.40898282,7971.772727,1939.136364,45.125,68.5,0.655663305,0.99833204,,,,,,,,,,,,,,,,,,,,,,,,,,,,,,,,,,,,,,,,,,,,,,,,,,,,,,,,,,,,,,,,,,,,,,,,,,,,,,,,,,,,,,,,
5000,1400,2,5K_100-2K,1.638973439,0.196904278,1.664577108,5.563313508,7.492453823,0.025419001,36.12086132,7799.477273,1923.345455,45.91666667,68,0.672620895,0.992125679,,,,,,,,,,,,,,,,,,,,,,,,,,,,,,,,,,,,,,,,,,,,,,,,,,,,,,,,,,,,,,,,,,,,,,,,,,,,,,,,,,,,,,,,
5000,1500,2,5K_100-2K,2.803949154,0.214788378,2.407640131,7.436853749,8.141440208,0.025266111,40.65048255,7455.900758,2061.707955,49.53846154,68.5,0.731389867,0.99833204,,,,,,,,,,,,,,,,,,,,,,,,,,,,,,,,,,,,,,,,,,,,,,,,,,,,,,,,,,,,,,,,,,,,,,,,,,,,,,,,,,,,,,,,
5000,1600,2,5K_100-2K,3.353382394,0.212373657,2.277924237,6.535209811,7.074964991,0.024985119,42.42789274,6794.158013,2010.866026,47.40934066,68,0.706052268,0.994375485,,,,,,,,,,,,,,,,,,,,,,,,,,,,,,,,,,,,,,,,,,,,,,,,,,,,,,,,,,,,,,,,,,,,,,,,,,,,,,,,,,,,,,,,
5000,1700,2,5K_100-2K,7.799544285,0.2221546,1.881311721,7.699937177,9.224328237,0.026117113,50.20421877,6656.048352,2043.825824,50.84761905,67.5,0.763012487,0.999224205,,,,,,,,,,,,,,,,,,,,,,,,,,,,,,,,,,,,,,,,,,,,,,,,,,,,,,,,,,,,,,,,,,,,,,,,,,,,,,,,,,,,,,,,
5000,1800,2,5K_100-2K,4.255940169,0.209831963,1.848135094,5.870233595,8.16234293,0.024645933,50.14142593,6266.420833,2028.223718,48.2032967,67,0.727021117,0.99681924,,,,,,,,,,,,,,,,,,,,,,,,,,,,,,,,,,,,,,,,,,,,,,,,,,,,,,,,,,,,,,,,,,,,,,,,,,,,,,,,,,,,,,,,
5000,500,2,5K_500,0.170736943,0.153139475,0.191446059,0.304102941,0.377691781,0.012235913,6.28923018,9984.385185,909.7555556,10.63333333,20.33333333,0.144447892,0.277217481,,,,,,,,,,,,,,,,,,,,,,,,,,,,,,,,,,,,,,,,,,,,,,,,,,,,,,,,,,,,,,,,,,,,,,,,,,,,,,,,,,,,,,,,
5000,500,2.2,5K_500,0.182173875,0.154471185,0.202557741,0.339728494,0.412189501,0.014532838,7.22406826,11881.15185,1058.281481,16.16666667,29.66666667,0.218913887,0.402844582,,,,,,,,,,,,,,,,,,,,,,,,,,,,,,,,,,,,,,,,,,,,,,,,,,,,,,,,,,,,,,,,,,,,,,,,,,,,,,,,,,,,,,,,
5000,500,2.4,5K_500,0.194311309,0.16577303,0.215637625,0.385239844,0.506229823,0.0157502,8.130434452,12987.95185,1160.366667,17.53333333,30,0.237015775,0.403594518,,,,,,,,,,,,,,,,,,,,,,,,,,,,,,,,,,,,,,,,,,,,,,,,,,,,,,,,,,,,,,,,,,,,,,,,,,,,,,,,,,,,,,,,
5000,500,2.6,5K_500,0.182880244,0.160654426,0.203407222,0.352644296,0.421644467,0.015036805,7.69814697,12216.89259,1095.651852,16.13333333,30,0.218487199,0.406309801,,,,,,,,,,,,,,,,,,,,,,,,,,,,,,,,,,,,,,,,,,,,,,,,,,,,,,,,,,,,,,,,,,,,,,,,,,,,,,,,,,,,,,,,
5000,500,2.8,5K_500,0.189082513,0.163311437,0.211304777,0.356773285,0.426893733,0.017185742,8.74222552,13896.33333,1248.344444,20.66666667,32.66666667,0.279932764,0.440755107,,,,,,,,,,,,,,,,,,,,,,,,,,,,,,,,,,,,,,,,,,,,,,,,,,,,,,,,,,,,,,,,,,,,,,,,,,,,,,,,,,,,,,,,
5000,500,3,5K_500,0.226862453,0.188328976,0.249195865,0.495313028,0.608528666,0.021036301,10.6209295,15256.71481,1356.822222,29.06666667,48.66666667,0.393832428,0.65971037,,,,,,,,,,,,,,,,,,,,,,,,,,,,,,,,,,,,,,,,,,,,,,,,,,,,,,,,,,,,,,,,,,,,,,,,,,,,,,,,,,,,,,,,
5000,500,3.2,5K_500,0.268052449,0.18566078,0.290031545,0.726312204,0.904425772,0.025932779,12.7668923,16580.50741,1449.092593,37.06666667,57.66666667,0.502544608,0.78057926,,,,,,,,,,,,,,,,,,,,,,,,,,,,,,,,,,,,,,,,,,,,,,,,,,,,,,,,,,,,,,,,,,,,,,,,,,,,,,,,,,,,,,,,
5000,500,3.4,5K_500,0.236805045,0.191872032,0.2605508,0.476593296,0.585630272,0.026226146,13.40802552,16817.51481,1431.748148,37.73333333,60,0.511021464,0.810499095,,,,,,,,,,,,,,,,,,,,,,,,,,,,,,,,,,,,,,,,,,,,,,,,,,,,,,,,,,,,,,,,,,,,,,,,,,,,,,,,,,,,,,,,
5000,500,3.8,5K_500,0.540807148,0.214117999,0.567041932,2.053803313,2.327802717,0.032075457,16.31148605,17724.68407,1550.506296,49.25757576,71.33333333,0.667705997,0.967468322,,,,,,,,,,,,,,,,,,,,,,,,,,,,,,,,,,,,,,,,,,,,,,,,,,,,,,,,,,,,,,,,,,,,,,,,,,,,,,,,,,,,,,,,
5000,500,4,5K_500,1.149897805,0.223710024,1.17513496,3.18354363,3.502548203,0.035467754,18.73442996,17681.23481,1595.510741,54.02121212,73.33333333,0.731486236,0.99200931,,,,,,,,,,,,,,,,,,,,,,,,,,,,,,,,,,,,,,,,,,,,,,,,,,,,,,,,,,,,,,,,,,,,,,,,,,,,,,,,,,,,,,,,
5000,500,4.2,5K_500,2.431564065,0.220945257,2.487018376,7.628904978,8.036139437,0.03640663,20.1323996,17488.77428,1560.261582,54.5979798,73.66666667,0.740132708,0.996276183,,,,,,,,,,,,,,,,,,,,,,,,,,,,,,,,,,,,,,,,,,,,,,,,,,,,,,,,,,,,,,,,,,,,,,,,,,,,,,,,,,,,,,,,
5000,500,4.4,5K_500,2.77788531,0.25435601,2.845817734,8.318655554,9.776670992,0.038827689,21.40121379,18153.69667,1576.66,59.78787879,74,0.810052425,0.997388156,,,,,,,,,,,,,,,,,,,,,,,,,,,,,,,,,,,,,,,,,,,,,,,,,,,,,,,,,,,,,,,,,,,,,,,,,,,,,,,,,,,,,,,,
5000,200,2,5K_200,0.158973886,0.143352486,0.180366122,0.286085916,0.340584397,0.009621223,2.050325618,10302.29444,375.4333333,4.5,10.5,0.059313421,0.13871218,,,,,,,,,,,,,,,,,,,,,,,,,,,,,,,,,,,,,,,,,,,,,,,,,,,,,,,,,,,,,,,,,,,,,,,,,,,,,,,,,,,,,,,,
5000,200,2.2,5K_200,0.177525586,0.151857596,0.195946972,0.355402738,0.450833457,0.010864383,2.333228979,12391.44375,454.81875,4.833333333,10.5,0.063554866,0.138363072,,,,,,,,,,,,,,,,,,,,,,,,,,,,,,,,,,,,,,,,,,,,,,,,,,,,,,,,,,,,,,,,,,,,,,,,,,,,,,,,,,,,,,,,
5000,200,2.4,5K_200,0.175121134,0.15380785,0.196603163,0.362675464,0.403007967,0.011228163,2.421201049,12463.51667,459.4777778,4.6,10.5,0.060624515,0.138052754,,,,,,,,,,,,,,,,,,,,,,,,,,,,,,,,,,,,,,,,,,,,,,,,,,,,,,,,,,,,,,,,,,,,,,,,,,,,,,,,,,,,,,,,
5000,200,2.6,5K_200,0.182697369,0.162476618,0.20221037,0.366285425,0.462186697,0.011404411,2.446224419,12640.91667,466.4444444,5.45,12,0.071823119,0.158223429,,,,,,,,,,,,,,,,,,,,,,,,,,,,,,,,,,,,,,,,,,,,,,,,,,,,,,,,,,,,,,,,,,,,,,,,,,,,,,,,,,,,,,,,
5000,200,2.8,5K_200,0.196232188,0.166361006,0.215669051,0.417734039,0.477611768,0.013324502,2.854890898,15602.76111,580.8611111,7.35,16,0.096761055,0.209503491,,,,,,,,,,,,,,,,,,,,,,,,,,,,,,,,,,,,,,,,,,,,,,,,,,,,,,,,,,,,,,,,,,,,,,,,,,,,,,,,,,,,,,,,
5000,200,3,5K_200,0.186982199,0.157444711,0.207412361,0.384458476,0.450435281,0.013399499,2.822189879,14922.89444,551.7277778,6.75,18,0.089103957,0.238013964,,,,,,,,,,,,,,,,,,,,,,,,,,,,,,,,,,,,,,,,,,,,,,,,,,,,,,,,,,,,,,,,,,,,,,,,,,,,,,,,,,,,,,,,
5000,200,3.2,5K_200,0.216178716,0.183704978,0.237353179,0.472177637,0.574383414,0.015942548,3.399267835,17739.19722,648.8659722,9.994444444,17.5,0.131692096,0.2321955,,,,,,,,,,,,,,,,,,,,,,,,,,,,,,,,,,,,,,,,,,,,,,,,,,,,,,,,,,,,,,,,,,,,,,,,,,,,,,,,,,,,,,,,
5000,200,3.4,5K_200,0.208011296,0.174012899,0.224983771,0.444017839,0.503549585,0.016929178,3.586069958,18026.68333,663.1666667,12.05,22.5,0.158626843,0.296082234,,,,,,,,,,,,,,,,,,,,,,,,,,,,,,,,,,,,,,,,,,,,,,,,,,,,,,,,,,,,,,,,,,,,,,,,,,,,,,,,,,,,,,,,
5000,200,3.8,5K_200,0.229278214,0.186665129,0.249233543,0.513550436,0.653419418,0.018620865,3.89869744,20278.32778,739.2111111,13.8,24.5,0.181757176,0.322924748,,,,,,,,,,,,,,,,,,,,,,,,,,,,,,,,,,,,,,,,,,,,,,,,,,,,,,,,,,,,,,,,,,,,,,,,,,,,,,,,,,,,,,,,
5000,200,4,5K_200,0.254563794,0.204791138,0.276356556,0.57976591,0.69905273,0.02332166,4.928613553,21640,800.4444444,15.3,32,0.201570985,0.422110163,,,,,,,,,,,,,,,,,,,,,,,,,,,,,,,,,,,,,,,,,,,,,,,,,,,,,,,,,,,,,,,,,,,,,,,,,,,,,,,,,,,,,,,,
5000,200,4.2,5K_200,0.234268588,0.187603494,0.257219682,0.491462708,0.554246085,0.01995035,4.175078844,20483.65556,754.4777778,13.95,27.5,0.183894492,0.36291699,,,,,,,,,,,,,,,,,,,,,,,,,,,,,,,,,,,,,,,,,,,,,,,,,,,,,,,,,,,,,,,,,,,,,,,,,,,,,,,,,,,,,,,,
5000,200,4.4,5K_200,0.267733524,0.213985289,0.28652834,0.579671323,0.74709239,0.024031371,5.040638642,21760.94444,793.8611111,19.45,36,0.256237393,0.47579519,,,,,,,,,,,,,,,,,,,,,,,,,,,,,,,,,,,,,,,,,,,,,,,,,,,,,,,,,,,,,,,,,,,,,,,,,,,,,,,,,,,,,,,,
5000,200,4.6,5K_200,0.290455829,0.229629881,0.312135142,0.690131259,0.801907554,0.027285716,5.705856276,23180.35,841.9277778,22.25,42,0.293886734,0.55162917,,,,,,,,,,,,,,,,,,,,,,,,,,,,,,,,,,,,,,,,,,,,,,,,,,,,,,,,,,,,,,,,,,,,,,,,,,,,,,,,,,,,,,,,
5000,200,4.8,5K_200,0.327128348,0.250793165,0.34947045,0.718650061,0.869706261,0.040983471,8.306705298,25790.55,917.3555556,37.6,64,0.496955004,0.84511249,,,,,,,,,,,,,,,,,,,,,,,,,,,,,,,,,,,,,,,,,,,,,,,,,,,,,,,,,,,,,,,,,,,,,,,,,,,,,,,,,,,,,,,,
5000,200,5,5K_200,0.30402248,0.233589265,0.325583734,0.643085241,0.732657681,0.036565374,7.483627168,25341.13333,887.1666667,33.7,56.5,0.444716835,0.745306439,,,,,,,,,,,,,,,,,,,,,,,,,,,,,,,,,,,,,,,,,,,,,,,,,,,,,,,,,,,,,,,,,,,,,,,,,,,,,,,,,,,,,,,,
5000,200,5.2,5K_200,0.462967486,0.333922633,0.48565414,1.177920556,1.534039354,0.04696877,9.933282879,26348.71111,945.0888889,45.95,70,0.606241272,0.928937161,,,,,,,,,,,,,,,,,,,,,,,,,,,,,,,,,,,,,,,,,,,,,,,,,,,,,,,,,,,,,,,,,,,,,,,,,,,,,,,,,,,,,,,,
5000,200,5.4,5K_200,0.42499769,0.275506454,0.44875083,0.972347778,1.161385942,0.049433047,10.20480311,26410.00556,935.6666667,46.7,70.5,0.615810706,0.928355314,,,,,,,,,,,,,,,,,,,,,,,,,,,,,,,,,,,,,,,,,,,,,,,,,,,,,,,,,,,,,,,,,,,,,,,,,,,,,,,,,,,,,,,,
5000,200,5.6,5K_200,0.670788634,0.27738674,0.754523431,2.659781921,3.446250401,0.044880638,9.197072924,26227.56667,932.2388889,43.9,74.5,0.579910784,0.98382467,,,,,,,,,,,,,,,,,,,,,,,,,,,,,,,,,,,,,,,,,,,,,,,,,,,,,,,,,,,,,,,,,,,,,,,,,,,,,,,,,,,,,,,,
5000,200,5.8,5K_200,0.880718017,0.322568358,0.913595442,2.31845206,2.806171484,0.060949067,12.90479897,27592.88889,970.8222222,59.2,75.5,0.78105896,0.994414275,,,,,,,,,,,,,,,,,,,,,,,,,,,,,,,,,,,,,,,,,,,,,,,,,,,,,,,,,,,,,,,,,,,,,,,,,,,,,,,,,,,,,,,,
5000,200,6,5K_200,1.151755608,0.316692702,1.156780891,2.865953326,3.261917198,0.060201198,12.96515814,27471.50556,957.7222222,59.3,76,0.782505818,0.999418154,,,,,,,,,,,,,,,,,,,,,,,,,,,,,,,,,,,,,,,,,,,,,,,,,,,,,,,,,,,,,,,,,,,,,,,,,,,,,,,,,,,,,,,,
5000,200,6.2,5K_200,3.281818768,0.353298709,3.446421952,7.522862166,8.156789546,0.062837029,15.34027176,27003.49056,972.2111111,59.76363636,76,0.787987164,0.998293251,,,,,,,,,,,,,,,,,,,,,,,,,,,,,,,,,,,,,,,,,,,,,,,,,,,,,,,,,,,,,,,,,,,,,,,,,,,,,,,,,,,,,,,,
5000,200,6.4,5K_200,3.282704644,0.348445005,3.381075265,6.741717768,7.207383513,0.066213861,16.20861609,27971.91111,965.3944444,62.65,76,0.825826222,0.997944143,,,,,,,,,,,,,,,,,,,,,,,,,,,,,,,,,,,,,,,,,,,,,,,,,,,,,,,,,,,,,,,,,,,,,,,,,,,,,,,,,,,,,,,,
5000,200,6.6,5K_200,3.449122557,0.343549376,3.383577948,7.294324887,7.661402903,0.064225564,16.36252223,27529.80056,979.7244444,62.20909091,76,0.820894633,0.998758728,,,,,,,,,,,,,,,,,,,,,,,,,,,,,,,,,,,,,,,,,,,,,,,,,,,,,,,,,,,,,,,,,,,,,,,,,,,,,,,,,,,,,,,,
5000,200,6.8,5K_200,3.639229165,0.388809602,3.667414765,7.58858363,8.024775913,0.06576669,16.52463433,27582.58,970.4616667,64.26818182,75.5,0.847918753,0.996159814,,,,,,,,,,,,,,,,,,,,,,,,,,,,,,,,,,,,,,,,,,,,,,,,,,,,,,,,,,,,,,,,,,,,,,,,,,,,,,,,,,,,,,,,
6000,100,2,6K_100,0.211746379,0.182549804,0.232761469,0.421261686,0.573495097,0.010883722,1.282975588,13146.49444,203.5111111,3.1,6.5,0.048537626,0.102172227,,,,,,,,,,,,,,,,,,,,,,,,,,,,,,,,,,,,,,,,,,,,,,,,,,,,,,,,,,,,,,,,,,,,,,,,,,,,,,,,,,,,,,,,
6000,100,2.2,6K_100,0.208851376,0.182148731,0.228609858,0.391392016,0.471354842,0.010600334,1.264182324,13324.15972,207.7083333,1.894444444,4,0.029587105,0.062490303,,,,,,,,,,,,,,,,,,,,,,,,,,,,,,,,,,,,,,,,,,,,,,,,,,,,,,,,,,,,,,,,,,,,,,,,,,,,,,,,,,,,,,,,
6000,100,2.4,6K_100,0.218366491,0.188337346,0.239329935,0.430115354,0.517515032,0.012931365,1.497526049,15968.17847,248.0263889,3.922222222,11,0.061324455,0.172071373,,,,,,,,,,,,,,,,,,,,,,,,,,,,,,,,,,,,,,,,,,,,,,,,,,,,,,,,,,,,,,,,,,,,,,,,,,,,,,,,,,,,,,,,
6000,100,2.6,6K_100,0.242330331,0.202452384,0.265460088,0.516436905,0.600727758,0.014293371,1.657666595,16589.3,258.0222222,2.9,9.5,0.045310318,0.148215671,,,,,,,,,,,,,,,,,,,,,,,,,,,,,,,,,,,,,,,,,,,,,,,,,,,,,,,,,,,,,,,,,,,,,,,,,,,,,,,,,,,,,,,,
6000,100,2.8,6K_100,0.275496551,0.224988498,0.296022264,0.631116289,0.791527884,0.014836357,1.744188144,17297.81111,269.7833333,3.05,6.5,0.047738557,0.101861908,,,,,,,,,,,,,,,,,,,,,,,,,,,,,,,,,,,,,,,,,,,,,,,,,,,,,,,,,,,,,,,,,,,,,,,,,,,,,,,,,,,,,,,,
6000,100,3,6K_100,0.258199407,0.215695179,0.279640225,0.57085337,0.755295398,0.015323133,1.765933616,19094.51389,292.9416667,4.4,12,0.068794069,0.187587277,,,,,,,,,,,,,,,,,,,,,,,,,,,,,,,,,,,,,,,,,,,,,,,,,,,,,,,,,,,,,,,,,,,,,,,,,,,,,,,,,,,,,,,,
6000,100,3.2,6K_100,0.317608985,0.254457917,0.339775691,0.816083169,1.035675433,0.020298052,2.32890425,21667.79444,337.7777778,6.55,25.5,0.102474787,0.399069046,,,,,,,,,,,,,,,,,,,,,,,,,,,,,,,,,,,,,,,,,,,,,,,,,,,,,,,,,,,,,,,,,,,,,,,,,,,,,,,,,,,,,,,,
6000,100,3.4,6K_100,0.283546316,0.231960966,0.304378111,0.626945353,0.850069709,0.020358748,2.299347472,20637.47222,319.7166667,6.65,20,0.104010861,0.312373933,,,,,,,,,,,,,,,,,,,,,,,,,,,,,,,,,,,,,,,,,,,,,,,,,,,,,,,,,,,,,,,,,,,,,,,,,,,,,,,,,,,,,,,,
6000,100,3.8,6K_100,0.329803537,0.264732368,0.351217731,0.780161095,0.908159878,0.024451373,2.741450343,24336.95556,378.1,8.9,19.5,,0.30477114,,,,,,,,,,,,,,,,,,,,,,,,,,,,,,,,,,,,,,,,,,,,,,,,,,,,,,,,,,,,,,,,,,,,,,,,,,,,,,,,,,,,,,,,
6000,100,4,6K_100,0.336391679,0.261606534,0.359584804,0.77493881,1.030991287,0.027056857,2.947188965,24549.35556,370.0166667,8.8,27,0.137622188,0.422381691,,,,,,,,,,,,,,,,,,,,,,,,,,,,,,,,,,,,,,,,,,,,,,,,,,,,,,,,,,,,,,,,,,,,,,,,,,,,,,,,,,,,,,,,
6000,100,4.2,6K_100,0.429259426,0.338560847,0.4521427,0.938710117,1.166969271,0.038041463,4.2376684,27854.45,429.0944444,15.35,36.5,0.240139643,0.571993794,,,,,,,,,,,,,,,,,,,,,,,,,,,,,,,,,,,,,,,,,,,,,,,,,,,,,,,,,,,,,,,,,,,,,,,,,,,,,,,,,,,,,,,,
6000,100,4.4,6K_100,0.404859241,0.315269365,0.428802712,0.931482148,1.082759187,0.040477346,4.383032098,27244.62222,415.6388889,18.35,45.5,0.287040341,0.711481769,,,,,,,,,,,,,,,,,,,,,,,,,,,,,,,,,,,,,,,,,,,,,,,,,,,,,,,,,,,,,,,,,,,,,,,,,,,,,,,,,,,,,,,,
6000,100,4.6,6K_100,0.41363516,0.324044922,0.435615405,0.952034593,1.079101472,0.041495669,4.407834815,27676.85,410.3388889,20.65,41,0.32283941,0.640768037,,,,,,,,,,,,,,,,,,,,,,,,,,,,,,,,,,,,,,,,,,,,,,,,,,,,,,,,,,,,,,,,,,,,,,,,,,,,,,,,,,,,,,,,
6000,100,4.8,6K_100,0.74611005,0.463097704,0.772381316,1.812586099,2.019991274,0.069910959,7.845680842,30760.72778,476.9166667,30.9,50,0.483886734,0.781303336,,,,,,,,,,,,,,,,,,,,,,,,,,,,,,,,,,,,,,,,,,,,,,,,,,,,,,,,,,,,,,,,,,,,,,,,,,,,,,,,,,,,,,,,
6000,100,5,6K_100,0.549760487,0.400175385,0.575175238,1.293750656,1.507376518,0.062711867,6.583517728,30482.64444,461.3833333,27.1,58.5,0.424262995,0.914662529,,,,,,,,,,,,,,,,,,,,,,,,,,,,,,,,,,,,,,,,,,,,,,,,,,,,,,,,,,,,,,,,,,,,,,,,,,,,,,,,,,,,,,,,
6000,100,5.2,6K_100,0.480072862,0.357314157,0.543109576,1.276685339,1.935923038,0.051496812,5.417802881,30092.86111,444.0611111,23.65,49,0.36969744,0.765826222,,,,,,,,,,,,,,,,,,,,,,,,,,,,,,,,,,,,,,,,,,,,,,,,,,,,,,,,,,,,,,,,,,,,,,,,,,,,,,,,,,,,,,,,
6000,100,5.4,6K_100,1.689382837,0.460190743,1.722259036,4.165844858,4.427912807,0.089532905,10.11700036,31724.68889,463.8611111,44.7,63.5,0.699984484,0.993366951,,,,,,,,,,,,,,,,,,,,,,,,,,,,,,,,,,,,,,,,,,,,,,,,,,,,,,,,,,,,,,,,,,,,,,,,,,,,,,,,,,,,,,,,
6000,100,5.6,6K_100,3.097190205,0.625791415,3.258431075,6.071352547,6.359178889,0.102967416,13.11864618,32214.52778,471.3111111,51.6,63.5,0.80738557,0.994375485,,,,,,,,,,,,,,,,,,,,,,,,,,,,,,,,,,,,,,,,,,,,,,,,,,,,,,,,,,,,,,,,,,,,,,,,,,,,,,,,,,,,,,,,
6000,100,5.8,6K_100,1.731407123,0.548083277,1.54923937,2.974920201,3.265470691,0.101483026,12.11638464,32965.83889,480.4111111,51,61.5,0.797866563,0.963110939,,,,,,,,,,,,,,,,,,,,,,,,,,,,,,,,,,,,,,,,,,,,,,,,,,,,,,,,,,,,,,,,,,,,,,,,,,,,,,,,,,,,,,,,
6000,100,6,6K_100,3.450273356,0.529363197,3.661327824,6.593052763,6.792698197,0.101874324,13.15991734,32186.06667,475.3333333,50.65,63,0.792897595,0.987742436,,,,,,,,,,,,,,,,,,,,,,,,,,,,,,,,,,,,,,,,,,,,,,,,,,,,,,,,,,,,,,,,,,,,,,,,,,,,,,,,,,,,,,,,
6000,100,6.2,6K_100,4.19473999,0.620530452,4.320802118,7.505499125,7.948339491,0.1053921,14.60270471,32537.85,484.7777778,52.8,63.5,0.826737781,0.995034911,,,,,,,,,,,,,,,,,,,,,,,,,,,,,,,,,,,,,,,,,,,,,,,,,,,,,,,,,,,,,,,,,,,,,,,,,,,,,,,,,,,,,,,,
6000,100,6.4,6K_100,5.032753452,0.613075124,5.05062782,9.603769141,9.951116843,0.11000595,15.68045846,32280.61333,482.3933333,54.08181818,64,0.846642217,0.99837083,,,,,,,,,,,,,,,,,,,,,,,,,,,,,,,,,,,,,,,,,,,,,,,,,,,,,,,,,,,,,,,,,,,,,,,,,,,,,,,,,,,,,,,,
6000,100,6.6,6K_100,5.566505286,0.780199904,5.560307579,9.809218496,10.31989895,0.110557039,16.56330782,32602.43667,488.9272222,56.02272727,64,0.876495874,0.998875097,,,,,,,,,,,,,,,,,,,,,,,,,,,,,,,,,,,,,,,,,,,,,,,,,,,,,,,,,,,,,,,,,,,,,,,,,,,,,,,,,,,,,,,,
6000,100,6.8,6K_100,6.227485943,0.695649456,6.327537648,12.12911546,12.59855439,0.111037971,16.88264017,32388.7,483.405,55.31818182,63.5,0.866023697,0.994840962,,,,,,,,,,,,,,,,,,,,,,,,,,,,,,,,,,,,,,,,,,,,,,,,,,,,,,,,,,,,,,,,,,,,,,,,,,,,,,,,,,,,,,,,
200,1000,2,200_1K,0.019858004,0.01532583,0.032106315,0.037061119,0.047653985,0.006712188,6.726147885,405.3275,1867.0025,12.16666667,19.5,0.020684177,0.033553142,,,,,,,,,,,,,,,,,,,,,,,,,,,,,,,,,,,,,,,,,,,,,,,,,,,,,,,,,,,,,,,,,,,,,,,,,,,,,,,,,,,,,,,,
200,1000,3,200_1K,0.020690266,0.015547861,0.033453656,0.038094664,0.042911472,0.006915712,6.927057545,647.7875,2976.585,19.92857143,30.5,0.035738298,0.054538402,,,,,,,,,,,,,,,,,,,,,,,,,,,,,,,,,,,,,,,,,,,,,,,,,,,,,,,,,,,,,,,,,,,,,,,,,,,,,,,,,,,,,,,,
200,1000,4,200_1K,0.021112872,0.016000282,0.036043572,0.041505772,0.062365861,0.007156036,7.16735205,842.46,3863.6725,27.33333333,38.5,0.048524142,0.075523662,,,,,,,,,,,,,,,,,,,,,,,,,,,,,,,,,,,,,,,,,,,,,,,,,,,,,,,,,,,,,,,,,,,,,,,,,,,,,,,,,,,,,,,,
200,1000,5,200_1K,0.021943011,0.017041722,0.038300317,0.043584311,0.050470166,0.007575383,7.588445862,1084.3325,4981.1675,36.33333333,57,0.064640364,0.096470132,,,,,,,,,,,,,,,,,,,,,,,,,,,,,,,,,,,,,,,,,,,,,,,,,,,,,,,,,,,,,,,,,,,,,,,,,,,,,,,,,,,,,,,,
200,1000,6,200_1K,0.022928639,0.018119063,0.040476878,0.047025675,0.052374532,0.007954217,7.961718337,1299.915,5952.17,45.73809524,64.5,0.081216521,0.120054306,,,,,,,,,,,,,,,,,,,,,,,,,,,,,,,,,,,,,,,,,,,,,,,,,,,,,,,,,,,,,,,,,,,,,,,,,,,,,,,,,,,,,,,,
200,1000,7,200_1K,0.023549911,0.019100648,0.04317178,0.051445341,0.057283254,0.008262324,8.259556922,1468.57,6693.63,54.14285714,73,0.096804463,0.136035687,,,,,,,,,,,,,,,,,,,,,,,,,,,,,,,,,,,,,,,,,,,,,,,,,,,,,,,,,,,,,,,,,,,,,,,,,,,,,,,,,,,,,,,,
200,1000,8,200_1K,0.024974381,0.020700852,0.048084165,0.061929339,0.069925742,0.008893614,8.904896486,1730.23,7935.03,68.97619048,87.5,0.121467361,0.158533747,,,,,,,,,,,,,,,,,,,,,,,,,,,,,,,,,,,,,,,,,,,,,,,,,,,,,,,,,,,,,,,,,,,,,,,,,,,,,,,,,,,,,,,,
200,1000,9,200_1K,0.026042204,0.021478587,0.054678869,0.077565849,0.08802567,0.00928716,9.29903586,1907.7775,8723.0075,78.30952381,106.5,0.138678932,0.19030256,,,,,,,,,,,,,,,,,,,,,,,,,,,,,,,,,,,,,,,,,,,,,,,,,,,,,,,,,,,,,,,,,,,,,,,,,,,,,,,,,,,,,,,,
200,1000,10,200_1K,0.028366732,0.023102742,0.06657802,0.100286508,0.114007716,0.010008758,9.985749176,2143.675,9767.1475,95.02380952,124,0.169313606,0.222847168,,,,,,,,,,,,,,,,,,,,,,,,,,,,,,,,,,,,,,,,,,,,,,,,,,,,,,,,,,,,,,,,,,,,,,,,,,,,,,,,,,,,,,,,
200,1000,11,200_1K,0.031665566,0.025688321,0.102500199,0.159054863,0.178153028,0.010974145,10.9877095,2372.145,10858.665,114.3571429,141,0.201897004,0.24840962,,,,,,,,,,,,,,,,,,,,,,,,,,,,,,,,,,,,,,,,,,,,,,,,,,,,,,,,,,,,,,,,,,,,,,,,,,,,,,,,,,,,,,,,
200,1000,12,200_1K,0.034420949,0.0278301,0.116965899,0.17510469,0.196099555,0.01196814,11.97603316,2593.1375,11864.545,136.6666667,166,0.241431157,0.300193949,,,,,,,,,,,,,,,,,,,,,,,,,,,,,,,,,,,,,,,,,,,,,,,,,,,,,,,,,,,,,,,,,,,,,,,,,,,,,,,,,,,,,,,,
200,1000,13,200_1K,0.038076264,0.030837515,0.128465304,0.195827627,0.225385838,0.013180839,13.18937448,2748.9175,12571.8,159.9285714,206,0.283462633,0.370248254,,,,,,,,,,,,,,,,,,,,,,,,,,,,,,,,,,,,,,,,,,,,,,,,,,,,,,,,,,,,,,,,,,,,,,,,,,,,,,,,,,,,,,,,
200,1000,14,200_1K,0.041340335,0.033019563,0.148262545,0.240995336,0.289488895,0.014358132,14.2571461,2878.785,13099.2475,180.8095238,242,0.321471055,0.424476338,,,,,,,,,,,,,,,,,,,,,,,,,,,,,,,,,,,,,,,,,,,,,,,,,,,,,,,,,,,,,,,,,,,,,,,,,,,,,,,,,,,,,,,,
200,1000,15,200_1K,0.053341303,0.042821124,0.221521973,0.429334331,0.540421891,0.018891888,18.83509329,2985.940476,13943.85238,244.5,370,0.433371535,0.658805275,,,,,,,,,,,,,,,,,,,,,,,,,,,,,,,,,,,,,,,,,,,,,,,,,,,,,,,,,,,,,,,,,,,,,,,,,,,,,,,,,,,,,,,,
200,1000,16,200_1K,0.057436934,0.046299571,0.244352124,0.480044878,0.57400708,0.020893881,20.85991996,3116.101429,14348.625,279.3484848,378,0.495946134,0.670015516,,,,,,,,,,,,,,,,,,,,,,,,,,,,,,,,,,,,,,,,,,,,,,,,,,,,,,,,,,,,,,,,,,,,,,,,,,,,,,,,,,,,,,,,
200,1000,17,200_1K,0.073722898,0.059669294,0.363308148,0.777661681,0.927220683,0.027501961,27.45085364,3217.192857,14971.22619,378.4318182,521,0.671672897,0.913188518,,,,,,,,,,,,,,,,,,,,,,,,,,,,,,,,,,,,,,,,,,,,,,,,,,,,,,,,,,,,,,,,,,,,,,,,,,,,,,,,,,,,,,,,
200,1000,18,200_1K,0.223137182,0.061363116,0.513562545,1.875165862,2.819543102,0.029844087,29.3458595,3219.87381,14664.6381,408.8181818,582,0.723072854,0.999844841,,,,,,,,,,,,,,,,,,,,,,,,,,,,,,,,,,,,,,,,,,,,,,,,,,,,,,,,,,,,,,,,,,,,,,,,,,,,,,,,,,,,,,,,
200,1000,19,200_1K,2.107660578,0.094269631,1.833900102,9.991947031,12.78288957,0.034039722,35.39464777,3046.509091,13983.40909,430.2391304,670,0.769195871,0.999689682,,,,,,,,,,,,,,,,,,,,,,,,,,,,,,,,,,,,,,,,,,,,,,,,,,,,,,,,,,,,,,,,,,,,,,,,,,,,,,,,,,,,,,,,
200,1000,20,200_1K,2.732093567,0.204171148,3.183471596,14.48368062,18.38649296,0.036976191,39.41487551,3019.183103,13886.08192,446.0615942,694,0.798495983,1,,,,,,,,,,,,,,,,,,,,,,,,,,,,,,,,,,,,,,,,,,,,,,,,,,,,,,,,,,,,,,,,,,,,,,,,,,,,,,,,,,,,,,,,
4000,100,5,4K_100,0.180279483,0.148426965,0.199289502,0.406671149,0.486983786,0.016278708,1.79343579,20722.9275,485.6875,7.238095238,24.5,0.075889394,0.257680372,,,,,,,,,,,,,,,,,,,,,,,,,,,,,,,,,,,,,,,,,,,,,,,,,,,,,,,,,,,,,,,,,,,,,,,,,,,,,,,,,,,,,,,,
4000,100,6,4K_100,0.248230228,0.196102449,0.281832343,0.622348195,0.799913518,0.025396496,2.759861235,25346.47,594.07,13.04761905,37,0.136678488,0.386617533,,,,,,,,,,,,,,,,,,,,,,,,,,,,,,,,,,,,,,,,,,,,,,,,,,,,,,,,,,,,,,,,,,,,,,,,,,,,,,,,,,,,,,,,
4000,100,7,4K_100,0.306555038,0.234043685,0.330614905,0.727168691,0.89873877,0.036601407,3.906284869,28553.22645,659.8546053,23.78690476,55.5,0.249295874,0.581536074,,,,,,,,,,,,,,,,,,,,,,,,,,,,,,,,,,,,,,,,,,,,,,,,,,,,,,,,,,,,,,,,,,,,,,,,,,,,,,,,,,,,,,,,
4000,100,8,4K_100,1.43166918,0.492606639,1.519283739,4.22293061,4.686553636,0.084761257,9.617947707,32260.065,735.08,64.88095238,95,0.680030662,0.998603569,,,,,,,,,,,,,,,,,,,,,,,,,,,,,,,,,,,,,,,,,,,,,,,,,,,,,,,,,,,,,,,,,,,,,,,,,,,,,,,,,,,,,,,,
4000,100,9,4K_100,12.39051588,0.72837042,12.91093461,24.63006139,25.87827642,0.110948093,22.33958019,33679.34545,771.8340909,88.95652174,95.5,0.932335481,0.999573313,,,,,,,,,,,,,,,,,,,,,,,,,,,,,,,,,,,,,,,,,,,,,,,,,,,,,,,,,,,,,,,,,,,,,,,,,,,,,,,,,,,,,,,,
4000,100,10,4K_100,21.96244429,0.663416855,20.82473261,37.42459642,38.0921337,0.112441828,32.32134998,33728.35562,772.8896739,89.23833333,95,0.935783876,0.997866563,,,,,,,,,,,,,,,,,,,,,,,,,,,,,,,,,,,,,,,,,,,,,,,,,,,,,,,,,,,,,,,,,,,,,,,,,,,,,,,,,,,,,,,,
4000,100,5,4K_100,0.240485548,0.187227491,0.261292235,0.619836581,0.807032988,0.019978217,2.21842043,21349.9825,495.1875,10.23809524,36,0.117368577,0.44844841,,,,,,,,,,,,,,,,,,,,,,,,,,,,,,,,,,,,,,,,,,,,,,,,,,,,,,,,,,,,,,,,,,,,,,,,,,,,,,,,,,,,,,,,
4000,100,6,4K_100,0.299901674,0.219137156,0.320068108,0.797238445,1.037159111,0.02787047,3.015773019,24981.4775,588.5,17.92857143,53.5,0.19050205,0.594840962,,,,,,,,,,,,,,,,,,,,,,,,,,,,,,,,,,,,,,,,,,,,,,,,,,,,,,,,,,,,,,,,,,,,,,,,,,,,,,,,,,,,,,,,
4000,100,7,4K_100,0.564604251,0.383838978,0.588274873,1.526913577,1.923265076,0.058940536,6.369250956,29686.7625,679.0475,42.5,94,0.46180317,0.995539178,,,,,,,,,,,,,,,,,,,,,,,,,,,,,,,,,,,,,,,,,,,,,,,,,,,,,,,,,,,,,,,,,,,,,,,,,,,,,,,,,,,,,,,,
4000,100,8,4K_100,1.88795031,0.497090273,1.961659339,3.828718472,4.205667193,0.087584793,10.20687249,31755.065,726.7075,66,101.5,0.691564151,0.988867339,,,,,,,,,,,,,,,,,,,,,,,,,,,,,,,,,,,,,,,,,,,,,,,,,,,,,,,,,,,,,,,,,,,,,,,,,,,,,,,,,,,,,,,,
4000,100,9,4K_100,10.22245933,1.027328132,10.38018692,20.00699112,20.52040772,0.108677608,20.23959607,32768.39773,753.2704545,86.91304348,105,0.907515094,0.998719938,,,,,,,,,,,,,,,,,,,,,,,,,,,,,,,,,,,,,,,,,,,,,,,,,,,,,,,,,,,,,,,,,,,,,,,,,,,,,,,,,,,,,,,,
4000,100,10,4K_100,21.12398544,0.984419611,20.15543117,35.71823669,36.30432923,0.11174257,31.66538364,32703.52219,771.0853261,91.4025,106.5,0.938594259,0.999495733,,,,,,,,,,,,,,,,,,,,,,,,,,,,,,,,,,,,,,,,,,,,,,,,,,,,,,,,,,,,,,,,,,,,,,,,,,,,,,,,,,,,,,,,
400,400,15,400_400,0.028935608,0.023687906,0.047803269,0.06386869,0.073699865,0.008621238,3.469481833,6387.035,5940.075,48.33333333,67,0.075767483,0.106826998,,,,,,,,,,,,,,,,,,,,,,,,,,,,,,,,,,,,,,,,,,,,,,,,,,,,,,,,,,,,,,,,,,,,,,,,,,,,,,,,,,,,,,,,
400,400,17.5,400_400,0.031105552,0.025117936,0.053069433,0.072708732,0.082695789,0.009274365,3.730916038,7501.9875,6977.5225,61.71428571,80,0.096305737,0.123816912,,,,,,,,,,,,,,,,,,,,,,,,,,,,,,,,,,,,,,,,,,,,,,,,,,,,,,,,,,,,,,,,,,,,,,,,,,,,,,,,,,,,,,,,
400,400,20,400_400,0.034422274,0.027463383,0.060381051,0.084467053,0.095279112,0.010147228,4.081024951,8432.12,7839.1425,77.5,100,0.120327681,0.160124127,,,,,,,,,,,,,,,,,,,,,,,,,,,,,,,,,,,,,,,,,,,,,,,,,,,,,,,,,,,,,,,,,,,,,,,,,,,,,,,,,,,,,,,,
400,400,22.5,400_400,0.043310407,0.034358701,0.081857439,0.125881582,0.145625343,0.012219549,4.914338566,9540.8875,8858.205,103.3809524,145.5,0.160992279,0.233281614,,,,,,,,,,,,,,,,,,,,,,,,,,,,,,,,,,,,,,,,,,,,,,,,,,,,,,,,,,,,,,,,,,,,,,,,,,,,,,,,,,,,,,,,
400,400,25,400_400,0.050808915,0.040277485,0.104719538,0.156388593,0.180383544,0.014270388,5.740044932,10630.6725,9880.23,135.6428571,182.5,0.21175145,0.283359193,,,,,,,,,,,,,,,,,,,,,,,,,,,,,,,,,,,,,,,,,,,,,,,,,,,,,,,,,,,,,,,,,,,,,,,,,,,,,,,,,,,,,,,,
400,400,27.5,400_400,0.062063178,0.049089825,0.136677122,0.210648501,0.245251448,0.017509506,7.037346245,11775.18,10926.785,182.0238095,246,0.284236581,0.383126455,,,,,,,,,,,,,,,,,,,,,,,,,,,,,,,,,,,,,,,,,,,,,,,,,,,,,,,,,,,,,,,,,,,,,,,,,,,,,,,,,,,,,,,,
400,400,30,400_400,0.091337411,0.069196746,0.210145962,0.347502428,0.407960198,0.026337827,10.5594017,12948.5225,11977.995,298.6190476,374,0.46585947,0.574709077,,,,,,,,,,,,,,,,,,,,,,,,,,,,,,,,,,,,,,,,,,,,,,,,,,,,,,,,,,,,,,,,,,,,,,,,,,,,,,,,,,,,,,,,
400,400,32.5,400_400,0.109054726,0.083570806,0.257061247,0.459321767,0.544674146,0.032196882,12.88603651,13197.0675,12176.98,369.6904762,505,0.576870221,0.790845617,,,,,,,,,,,,,,,,,,,,,,,,,,,,,,,,,,,,,,,,,,,,,,,,,,,,,,,,,,,,,,,,,,,,,,,,,,,,,,,,,,,,,,,,
400,400,35,400_400,0.755215515,0.136521032,0.940483168,3.742913979,4.947383215,0.043990004,17.73602534,13339.275,11957.535,500.9047619,659.5,0.776508183,0.999844841,,,,,,,,,,,,,,,,,,,,,,,,,,,,,,,,,,,,,,,,,,,,,,,,,,,,,,,,,,,,,,,,,,,,,,,,,,,,,,,,,,,,,,,,
400,400,37.5,400_400,2.066379202,0.300414713,2.355897629,9.122078025,12.31418403,0.047728758,21.17589104,12681.10274,11710.40798,526.9599567,699,0.821301287,0.998797517,,,,,,,,,,,,,,,,,,,,,,,,,,,,,,,,,,,,,,,,,,,,,,,,,,,,,,,,,,,,,,,,,,,,,,,,,,,,,,,,,,,,,,,,
400,400,40,400_400,3.31585881,0.513266167,3.433800331,10.8504227,13.52682494,0.051421818,23.51039546,12558.02619,11539.05714,551.5681818,774,0.853376472,0.999844841,,,,,,,,,,,,,,,,,,,,,,,,,,,,,,,,,,,,,,,,,,,,,,,,,,,,,,,,,,,,,,,,,,,,,,,,,,,,,,,,,,,,,,,,
20,1600,5,20_2-3K,0.022254025,0.018375817,0.044866735,0.057622969,0.063691049,0.009131676,14.63474284,108.5809524,7775.35,67.38636364,94.5,0.137321038,0.196082234,,,,,,,,,,,,,,,,,,,,,,,,,,,,,,,,,,,,,,,,,,,,,,,,,,,,,,,,,,,,,,,,,,,,,,,,,,,,,,,,,,,,,,,,
20,1800,5,20_2-3K,0.024316792,0.019914421,0.050831918,0.067892933,0.076781931,0.009992987,17.92556996,103.55,8279.145238,79.20454545,108,0.180650963,0.24515128,,,,,,,,,,,,,,,,,,,,,,,,,,,,,,,,,,,,,,,,,,,,,,,,,,,,,,,,,,,,,,,,,,,,,,,,,,,,,,,,,,,,,,,,
20,2000,5,20_2-3K,0.028186074,0.022975638,0.063980558,0.091210568,0.104120336,0.011629206,23.09906366,105.6761905,9325.916667,104.4318182,132.5,0.262641935,0.341000776,,,,,,,,,,,,,,,,,,,,,,,,,,,,,,,,,,,,,,,,,,,,,,,,,,,,,,,,,,,,,,,,,,,,,,,,,,,,,,,,,,,,,,,,
20,2200,5,20_2-3K,0.035969241,0.028385443,0.091645145,0.141816181,0.155891957,0.014743029,31.84816292,104.5590909,10186.07955,144.8043478,202,0.401603872,0.562451513,,,,,,,,,,,,,,,,,,,,,,,,,,,,,,,,,,,,,,,,,,,,,,,,,,,,,,,,,,,,,,,,,,,,,,,,,,,,,,,,,,,,,,,,
20,2400,5,20_2-3K,0.040301472,0.032795691,0.097252177,0.143470508,0.159710243,0.016566399,39.49985196,92.3673913,9925.71087,156.4791667,223.5,0.472100465,0.676027929,,,,,,,,,,,,,,,,,,,,,,,,,,,,,,,,,,,,,,,,,,,,,,,,,,,,,,,,,,,,,,,,,,,,,,,,,,,,,,,,,,,,,,,,
20,2600,5,20_2-3K,0.046554313,0.036252974,0.09905782,0.158624876,0.174099736,0.019716842,50.64968724,85.60416667,9866.208333,186.78,291,0.609685027,0.947595035,,,,,,,,,,,,,,,,,,,,,,,,,,,,,,,,,,,,,,,,,,,,,,,,,,,,,,,,,,,,,,,,,,,,,,,,,,,,,,,,,,,,,,,,
20,2800,5,20_2-3K,0.891373198,0.050928275,0.098920627,0.156405556,0.171325445,0.023542988,65.07071548,74.50527066,9273.338889,204.4808201,331,0.717233479,0.999728472,,,,,,,,,,,,,,,,,,,,,,,,,,,,,,,,,,,,,,,,,,,,,,,,,,,,,,,,,,,,,,,,,,,,,,,,,,,,,,,,,,,,,,,,
20,3000,5,20_2-3K,2.334279166,0.062094779,0.659483995,7.014459354,8.764439006,0.027675027,82.6029539,65.72183908,8783.873793,205.0844086,347,0.773013923,0.99996121,,,,,,,,,,,,,,,,,,,,,,,,,,,,,,,,,,,,,,,,,,,,,,,,,,,,,,,,,,,,,,,,,,,,,,,,,,,,,,,,,,,,,,,,
20,3200,5,20_2-3K,7.35123282,0.081772316,2.243990878,14.2152326,16.08101017,0.030614784,105.0323115,56.80909091,8140.586364,201,374.5,0.803792269,1,,,,,,,,,,,,,,,,,,,,,,,,,,,,,,,,,,,,,,,,,,,,,,,,,,,,,,,,,,,,,,,,,,,,,,,,,,,,,,,,,,,,,,,,
20,3400,5,20_2-3K,10.98454038,0.080966418,6.785725501,28.33895015,30.70812018,0.033624084,122.9663364,51.8284127,7854.179841,194.4414414,393.5,0.830024147,0.99996121,,,,,,,,,,,,,,,,,,,,,,,,,,,,,,,,,,,,,,,,,,,,,,,,,,,,,,,,,,,,,,,,,,,,,,,,,,,,,,,,,,,,,,,,
5000,20,5,5-8K_20,0.297831502,0.231922289,0.324527884,0.749917221,0.908451052,0.038151442,1.022417144,26559.16303,99.63947368,4.253571429,18,0.055182035,0.233165244,,,,,,,,,,,,,,,,,,,,,,,,,,,,,,,,,,,,,,,,,,,,,,,,,,,,,,,,,,,,,,,,,,,,,,,,,,,,,,,,,,,,,,,,
5500,20,5,5-8K_20,0.39581621,0.304574783,0.416535931,0.993773866,1.204976001,0.056189638,1.457972639,29516.29,100.175,4.785714286,22.5,0.068251505,0.32102405,,,,,,,,,,,,,,,,,,,,,,,,,,,,,,,,,,,,,,,,,,,,,,,,,,,,,,,,,,,,,,,,,,,,,,,,,,,,,,,,,,,,,,,,
6000,20,5,5-8K_20,0.555864751,0.420828631,0.576999027,1.488117689,1.954816201,0.088023763,2.224004456,31154.87987,96.80421053,9.202380952,38.5,0.143141324,0.598836307,,,,,,,,,,,,,,,,,,,,,,,,,,,,,,,,,,,,,,,,,,,,,,,,,,,,,,,,,,,,,,,,,,,,,,,,,,,,,,,,,,,,,,,,
6500,20,5,5-8K_20,0.91137744,0.659130469,0.952249378,2.36583727,2.836031439,0.175013701,4.233706761,34671.14,99.23,18.52380952,57,0.312203997,0.960822343,,,,,,,,,,,,,,,,,,,,,,,,,,,,,,,,,,,,,,,,,,,,,,,,,,,,,,,,,,,,,,,,,,,,,,,,,,,,,,,,,,,,,,,,
7000,20,5,5-8K_20,1.700533535,0.945142786,1.75155904,4.352978373,4.938951018,0.28201572,6.906443417,36369.1575,95.4025,29.5952381,54.5,0.536820717,0.988983708,,,,,,,,,,,,,,,,,,,,,,,,,,,,,,,,,,,,,,,,,,,,,,,,,,,,,,,,,,,,,,,,,,,,,,,,,,,,,,,,,,,,,,,,
7500,20,5,5-8K_20,5.557345348,1.389462245,5.657717487,9.401661992,9.847557435,0.410487155,13.10065363,37675.88012,92.33130952,40.18939394,51,0.780055934,0.991660202,,,,,,,,,,,,,,,,,,,,,,,,,,,,,,,,,,,,,,,,,,,,,,,,,,,,,,,,,,,,,,,,,,,,,,,,,,,,,,,,,,,,,,,,
8000,20,5,5-8K_20,10.30354341,1.251213581,10.57710607,19.85962476,20.48619597,0.480044577,18.90904795,37828.92143,86.88971861,44.8270751,48,0.929183315,0.995733126,,,,,,,,,,,,,,,,,,,,,,,,,,,,,,,,,,,,,,,,,,,,,,,,,,,,,,,,,,,,,,,,,,,,,,,,,,,,,,,,,,,,,,,,
5000,10,5,5-8K_10,0.302005336,0.236898561,0.324231776,0.754493038,0.978903441,0.05138993,0.7620945,26103.54921,48.78359649,3.05,12.33333333,0.039538771,0.159865529,,,,,,,,,,,,,,,,,,,,,,,,,,,,,,,,,,,,,,,,,,,,,,,,,,,,,,,,,,,,,,,,,,,,,,,,,,,,,,,,,,,,,,,,
5500,10,5,5-8K_10,0.412883328,0.31704957,0.440095359,1.091969045,1.319072692,0.078400525,1.119145938,29167.9043,49.70894737,4.180952381,20.66666667,0.059611856,0.294724593,,,,,,,,,,,,,,,,,,,,,,,,,,,,,,,,,,,,,,,,,,,,,,,,,,,,,,,,,,,,,,,,,,,,,,,,,,,,,,,,,,,,,,,,
6000,10,5,5-8K_10,0.753110643,0.555130951,0.773643969,2.039463671,2.689845888,0.170155558,2.281861788,33006.10079,51.44929825,9.427777778,37,0.146574433,0.575174554,,,,,,,,,,,,,,,,,,,,,,,,,,,,,,,,,,,,,,,,,,,,,,,,,,,,,,,,,,,,,,,,,,,,,,,,,,,,,,,,,,,,,,,,
6500,10,5,5-8K_10,1.098484733,0.787103491,1.147711321,2.9183731,3.384777784,0.286933993,3.60974775,34898.975,49.80666667,15.36507937,48.33333333,0.258582388,0.813938454,,,,,,,,,,,,,,,,,,,,,,,,,,,,,,,,,,,,,,,,,,,,,,,,,,,,,,,,,,,,,,,,,,,,,,,,,,,,,,,,,,,,,,,,
7000,10,5,5-8K_10,1.245380201,0.87879017,1.269556697,2.918248634,3.341811318,0.324751866,4.133633804,36078.7186,47.6272807,17.6484127,47.66666667,0.31967041,0.864184122,,,,,,,,,,,,,,,,,,,,,,,,,,,,,,,,,,,,,,,,,,,,,,,,,,,,,,,,,,,,,,,,,,,,,,,,,,,,,,,,,,,,,,,,
7500,10,5,5-8K_10,5.871812218,1.867486338,6.107108979,11.02267558,11.9281359,0.852272579,13.17614058,38722.41405,47.3665873,42.03246753,51,0.81132717,0.979751746,,,,,,,,,,,,,,,,,,,,,,,,,,,,,,,,,,,,,,,,,,,,,,,,,,,,,,,,,,,,,,,,,,,,,,,,,,,,,,,,,,,,,,,,
8000,10,5,5-8K_10,11.13008282,1.91575207,11.55531633,21.05775489,21.63946031,0.855842959,18.44993343,38351.60527,44.0004329,38.82081686,47.33333333,0.803987833,0.980993018,,,,,,,,,,,,,,,,,,,,,,,,,,,,,,,,,,,,,,,,,,,,,,,,,,,,,,,,,,,,,,,,,,,,,,,,,,,,,,,,,,,,,,,,
1000,10,32,1K_10,0.121759248,0.094578763,0.137851118,0.324784529,0.407546887,0.034836408,0.434497442,34130.6093,319.5438596,11.87777778,45.33333333,0.031301304,0.119550039,,,,,,,,,,,,,,,,,,,,,,,,,,,,,,,,,,,,,,,,,,,,,,,,,,,,,,,,,,,,,,,,,,,,,,,,,,,,,,,,,,,,,,,,
1000,10,34,1K_10,0.142309343,0.110261536,0.155989404,0.341674383,0.41727155,0.042279304,0.523227313,36066.105,338.1333333,16.22222222,47.33333333,0.042748778,0.124825446,,,,,,,,,,,,,,,,,,,,,,,,,,,,,,,,,,,,,,,,,,,,,,,,,,,,,,,,,,,,,,,,,,,,,,,,,,,,,,,,,,,,,,,,
1000,10,36,1K_10,0.199612848,0.151792735,0.216226866,0.464851765,0.551025632,0.062535456,0.759724976,38593.74,361.2483333,19.87301587,66,0.052393267,0.174010861,,,,,,,,,,,,,,,,,,,,,,,,,,,,,,,,,,,,,,,,,,,,,,,,,,,,,,,,,,,,,,,,,,,,,,,,,,,,,,,,,,,,,,,,
1000,10,38,1K_10,0.328742196,0.248657525,0.349002255,0.751835648,0.880220876,0.107985952,1.301642109,40787.93833,382.2383333,40.46031746,132.6666667,0.106645979,0.349650892,,,,,,,,,,,,,,,,,,,,,,,,,,,,,,,,,,,,,,,,,,,,,,,,,,,,,,,,,,,,,,,,,,,,,,,,,,,,,,,,,,,,,,,,
1000,10,40,1K_10,0.615905889,0.444640345,0.641777406,1.31990848,1.495471608,0.203598413,2.439569901,42530.47333,396.8433333,81.61904762,181,0.215146478,0.476984743,,,,,,,,,,,,,,,,,,,,,,,,,,,,,,,,,,,,,,,,,,,,,,,,,,,,,,,,,,,,,,,,,,,,,,,,,,,,,,,,,,,,,,,,
1000,10,42,1K_10,1.489551351,1.019347648,1.549743437,2.656120706,2.840378311,0.481329612,5.762728358,43388.41667,400.3816667,201.0793651,312,0.530051597,0.822498061,,,,,,,,,,,,,,,,,,,,,,,,,,,,,,,,,,,,,,,,,,,,,,,,,,,,,,,,,,,,,,,,,,,,,,,,,,,,,,,,,,,,,,,,
1000,10,44,1K_10,3.686019203,1.524860729,3.892113699,6.703135149,7.122682203,0.744162474,10.20496561,43436.5,399.6966667,298.7460317,363,0.787517086,0.957331265,,,,,,,,,,,,,,,,,,,,,,,,,,,,,,,,,,,,,,,,,,,,,,,,,,,,,,,,,,,,,,,,,,,,,,,,,,,,,,,,,,,,,,,,
1000,10,46,1K_10,5.531395836,1.612516903,5.743265648,9.378579883,9.577873697,0.781392132,12.47459483,43694.93,402.3933333,319.2380952,365.6666667,0.841590011,0.96449444,,,,,,,,,,,,,,,,,,,,,,,,,,,,,,,,,,,,,,,,,,,,,,,,,,,,,,,,,,,,,,,,,,,,,,,,,,,,,,,,,,,,,,,,
4000,20,2,4K_20,0.118692198,0.108465311,0.139346462,0.234271258,0.271597624,0.009087258,0.290939936,7977.628947,37.37368421,0.275,2,0.002852987,0.020752521,,,,,,,,,,,,,,,,,,,,,,,,,,,,,,,,,,,,,,,,,,,,,,,,,,,,,,,,,,,,,,,,,,,,,,,,,,,,,,,,,,,,,,,,
4000,20,3,4K_20,0.13679882,0.119413387,0.155220791,0.295087469,0.366034458,0.011449217,0.353941798,12922.89474,60.58421053,0.75,3.5,0.007783165,0.036268425,,,,,,,,,,,,,,,,,,,,,,,,,,,,,,,,,,,,,,,,,,,,,,,,,,,,,,,,,,,,,,,,,,,,,,,,,,,,,,,,,,,,,,,,
4000,20,4,4K_20,0.150278081,0.129333666,0.172264644,0.340172708,0.433724062,0.013857993,0.413303145,16906.81316,79.30789474,1.15,6,0.011962762,0.062296354,,,,,,,,,,,,,,,,,,,,,,,,,,,,,,,,,,,,,,,,,,,,,,,,,,,,,,,,,,,,,,,,,,,,,,,,,,,,,,,,,,,,,,,,
4000,20,5,4K_20,0.172314576,0.143261942,0.191265152,0.398888862,0.488356504,0.019053883,0.5338065,20927.11987,98.18421053,3.161904762,13.5,0.032851509,0.14030256,,,,,,,,,,,,,,,,,,,,,,,,,,,,,,,,,,,,,,,,,,,,,,,,,,,,,,,,,,,,,,,,,,,,,,,,,,,,,,,,,,,,,,,,
4000,20,6,4K_20,0.22884198,0.182639134,0.250463317,0.564072073,0.757954323,0.029641273,0.791164366,25906.135,121.2175,3.928571429,16.5,0.040799438,0.171373157,,,,,,,,,,,,,,,,,,,,,,,,,,,,,,,,,,,,,,,,,,,,,,,,,,,,,,,,,,,,,,,,,,,,,,,,,,,,,,,,,,,,,,,,
4000,20,7,4K_20,0.327633243,0.251177814,0.345604833,0.868009984,1.387001312,0.04614785,1.203893677,30134.64618,140.8540789,6.338095238,25.5,0.065861687,0.264662529,,,,,,,,,,,,,,,,,,,,,,,,,,,,,,,,,,,,,,,,,,,,,,,,,,,,,,,,,,,,,,,,,,,,,,,,,,,,,,,,,,,,,,,,
4000,20,8,4K_20,0.401577,0.301907107,0.426659959,1.020221114,1.214289236,0.072578685,1.779040028,32956.73,154.0775,11.5952381,41.5,0.120503159,0.431303336,,,,,,,,,,,,,,,,,,,,,,,,,,,,,,,,,,,,,,,,,,,,,,,,,,,,,,,,,,,,,,,,,,,,,,,,,,,,,,,,,,,,,,,,
4000,20,9,4K_20,0.947666089,0.648069773,0.974346502,2.23097713,2.756975498,0.228309483,5.272769369,38774.105,179.5875,42.57142857,95,0.442471092,0.987820016,,,,,,,,,,,,,,,,,,,,,,,,,,,,,,,,,,,,,,,,,,,,,,,,,,,,,,,,,,,,,,,,,,,,,,,,,,,,,,,,,,,,,,,,
4000,20,10,4K_20,4.164841539,0.980981893,4.282660493,7.4865255,7.773554254,0.452346982,12.55868803,40509.62,186.0225,86.11904762,95,0.895481917,0.988169123,,,,,,,,,,,,,,,,,,,,,,,,,,,,,,,,,,,,,,,,,,,,,,,,,,,,,,,,,,,,,,,,,,,,,,,,,,,,,,,,,,,,,,,,
,,,,,,,,,,,,,,,,,,,,,,,,,,,,,,,,,,,,,,,,,,,,,,,,,,,,,,,,,,,,,,,,,,,,,,,,,,,,,,,,,,,,,,,,,,,,,,,,,,,,,,,,
,,,,,,,,,,,,,,,,,,,,,,,,,,,,,,,,,,,,,,,,,,,,,,,,,,,,,,,,,,,,,,,,,,,,,,,,,,,,,,,,,,,,,,,,,,,,,,,,,,,,,,,,
,,,,,,,,,,,,,,,,,,,,,,,,,,,,,,,,,,,,,,,,,,,,,,,,,,,,,,,,,,,,,,,,,,,,,,,,,,,,,,,,,,,,,,,,,,,,,,,,,,,,,,,,
,,,,,,,,,,,,,,,,,,,,,,,,,,,,,,,,,,,,,,,,,,,,,,,,,,,,,,,,,,,,,,,,,,,,,,,,,,,,,,,,,,,,,,,,,,,,,,,,,,,,,,,,
,,,,,,,,,,,,,,,,,,,,,,,,,,,,,,,,,,,,,,,,,,,,,,,,,,,,,,,,,,,,,,,,,,,,,,,,,,,,,,,,,,,,,,,,,,,,,,,,,,,,,,,,
,,,,,,,,,,,,,,,,,,,,,,,,,,,,,,,,,,,,,,,,,,,,,,,,,,,,,,,,,,,,,,,,,,,,,,,,,,,,,,,,,,,,,,,,,,,,,,,,,,,,,,,,
,,,,,,,,,,,,,,,,,,,,,,,,,,,,,,,,,,,,,,,,,,,,,,,,,,,,,,,,,,,,,,,,,,,,,,,,,,,,,,,,,,,,,,,,,,,,,,,,,,,,,,,,
,,,,,,,,,,,,,,,,,,,,,,,,,,,,,,,,,,,,,,,,,,,,,,,,,,,,,,,,,,,,,,,,,,,,,,,,,,,,,,,,,,,,,,,,,,,,,,,,,,,,,,,,
,,,,,,,,,,,,,,,,,,,,,,,,,,,,,,,,,,,,,,,,,,,,,,,,,,,,,,,,,,,,,,,,,,,,,,,,,,,,,,,,,,,,,,,,,,,,,,,,,,,,,,,,
,,,,,,,,,,,,,,,,,,,,,,,,,,,,,,,,,,,,,,,,,,,,,,,,,,,,,,,,,,,,,,,,,,,,,,,,,,,,,,,,,,,,,,,,,,,,,,,,,,,,,,,,
,,,,,,,,,,,,,,,,,,,,,,,,,,,,,,,,,,,,,,,,,,,,,,,,,,,,,,,,,,,,,,,,,,,,,,,,,,,,,,,,,,,,,,,,,,,,,,,,,,,,,,,,
,,,,,,,,,,,,,,,,,,,,,,,,,,,,,,,,,,,,,,,,,,,,,,,,,,,,,,,,,,,,,,,,,,,,,,,,,,,,,,,,,,,,,,,,,,,,,,,,,,,,,,,,
,,,,,,,,,,,,,,,,,,,,,,,,,,,,,,,,,,,,,,,,,,,,,,,,,,,,,,,,,,,,,,,,,,,,,,,,,,,,,,,,,,,,,,,,,,,,,,,,,,,,,,,,
,,,,,,,,,,,,,,,,,,,,,,,,,,,,,,,,,,,,,,,,,,,,,,,,,,,,,,,,,,,,,,,,,,,,,,,,,,,,,,,,,,,,,,,,,,,,,,,,,,,,,,,,
,,,,,,,,,,,,,,,,,,,,,,,,,,,,,,,,,,,,,,,,,,,,,,,,,,,,,,,,,,,,,,,,,,,,,,,,,,,,,,,,,,,,,,,,,,,,,,,,,,,,,,,,
,,,,,,,,,,,,,,,,,,,,,,,,,,,,,,,,,,,,,,,,,,,,,,,,,,,,,,,,,,,,,,,,,,,,,,,,,,,,,,,,,,,,,,,,,,,,,,,,,,,,,,,,
,,,,,,,,,,,,,,,,,,,,,,,,,,,,,,,,,,,,,,,,,,,,,,,,,,,,,,,,,,,,,,,,,,,,,,,,,,,,,,,,,,,,,,,,,,,,,,,,,,,,,,,,
,,,,,,,,,,,,,,,,,,,,,,,,,,,,,,,,,,,,,,,,,,,,,,,,,,,,,,,,,,,,,,,,,,,,,,,,,,,,,,,,,,,,,,,,,,,,,,,,,,,,,,,,
,,,,,,,,,,,,,,,,,,,,,,,,,,,,,,,,,,,,,,,,,,,,,,,,,,,,,,,,,,,,,,,,,,,,,,,,,,,,,,,,,,,,,,,,,,,,,,,,,,,,,,,,
,,,,,,,,,,,,,,,,,,,,,,,,,,,,,,,,,,,,,,,,,,,,,,,,,,,,,,,,,,,,,,,,,,,,,,,,,,,,,,,,,,,,,,,,,,,,,,,,,,,,,,,,
,,,,,,,,,,,,,,,,,,,,,,,,,,,,,,,,,,,,,,,,,,,,,,,,,,,,,,,,,,,,,,,,,,,,,,,,,,,,,,,,,,,,,,,,,,,,,,,,,,,,,,,,
,,,,,,,,,,,,,,,,,,,,,,,,,,,,,,,,,,,,,,,,,,,,,,,,,,,,,,,,,,,,,,,,,,,,,,,,,,,,,,,,,,,,,,,,,,,,,,,,,,,,,,,,
,,,,,,,,,,,,,,,,,,,,,,,,,,,,,,,,,,,,,,,,,,,,,,,,,,,,,,,,,,,,,,,,,,,,,,,,,,,,,,,,,,,,,,,,,,,,,,,,,,,,,,,,
,,,,,,,,,,,,,,,,,,,,,,,,,,,,,,,,,,,,,,,,,,,,,,,,,,,,,,,,,,,,,,,,,,,,,,,,,,,,,,,,,,,,,,,,,,,,,,,,,,,,,,,,
,,,,,,,,,,,,,,,,,,,,,,,,,,,,,,,,,,,,,,,,,,,,,,,,,,,,,,,,,,,,,,,,,,,,,,,,,,,,,,,,,,,,,,,,,,,,,,,,,,,,,,,,
,,,,,,,,,,,,,,,,,,,,,,,,,,,,,,,,,,,,,,,,,,,,,,,,,,,,,,,,,,,,,,,,,,,,,,,,,,,,,,,,,,,,,,,,,,,,,,,,,,,,,,,,
,,,,,,,,,,,,,,,,,,,,,,,,,,,,,,,,,,,,,,,,,,,,,,,,,,,,,,,,,,,,,,,,,,,,,,,,,,,,,,,,,,,,,,,,,,,,,,,,,,,,,,,,
,,,,,,,,,,,,,,,,,,,,,,,,,,,,,,,,,,,,,,,,,,,,,,,,,,,,,,,,,,,,,,,,,,,,,,,,,,,,,,,,,,,,,,,,,,,,,,,,,,,,,,,,
,,,,,,,,,,,,,,,,,,,,,,,,,,,,,,,,,,,,,,,,,,,,,,,,,,,,,,,,,,,,,,,,,,,,,,,,,,,,,,,,,,,,,,,,,,,,,,,,,,,,,,,,
,,,,,,,,,,,,,,,,,,,,,,,,,,,,,,,,,,,,,,,,,,,,,,,,,,,,,,,,,,,,,,,,,,,,,,,,,,,,,,,,,,,,,,,,,,,,,,,,,,,,,,,,
,,,,,,,,,,,,,,,,,,,,,,,,,,,,,,,,,,,,,,,,,,,,,,,,,,,,,,,,,,,,,,,,,,,,,,,,,,,,,,,,,,,,,,,,,,,,,,,,,,,,,,,,
,,,,,,,,,,,,,,,,,,,,,,,,,,,,,,,,,,,,,,,,,,,,,,,,,,,,,,,,,,,,,,,,,,,,,,,,,,,,,,,,,,,,,,,,,,,,,,,,,,,,,,,,
,,,,,,,,,,,,,,,,,,,,,,,,,,,,,,,,,,,,,,,,,,,,,,,,,,,,,,,,,,,,,,,,,,,,,,,,,,,,,,,,,,,,,,,,,,,,,,,,,,,,,,,,
,,,,,,,,,,,,,,,,,,,,,,,,,,,,,,,,,,,,,,,,,,,,,,,,,,,,,,,,,,,,,,,,,,,,,,,,,,,,,,,,,,,,,,,,,,,,,,,,,,,,,,,,
,,,,,,,,,,,,,,,,,,,,,,,,,,,,,,,,,,,,,,,,,,,,,,,,,,,,,,,,,,,,,,,,,,,,,,,,,,,,,,,,,,,,,,,,,,,,,,,,,,,,,,,,
,,,,,,,,,,,,,,,,,,,,,,,,,,,,,,,,,,,,,,,,,,,,,,,,,,,,,,,,,,,,,,,,,,,,,,,,,,,,,,,,,,,,,,,,,,,,,,,,,,,,,,,,
,,,,,,,,,,,,,,,,,,,,,,,,,,,,,,,,,,,,,,,,,,,,,,,,,,,,,,,,,,,,,,,,,,,,,,,,,,,,,,,,,,,,,,,,,,,,,,,,,,,,,,,,
,,,,,,,,,,,,,,,,,,,,,,,,,,,,,,,,,,,,,,,,,,,,,,,,,,,,,,,,,,,,,,,,,,,,,,,,,,,,,,,,,,,,,,,,,,,,,,,,,,,,,,,,
,,,,,,,,,,,,,,,,,,,,,,,,,,,,,,,,,,,,,,,,,,,,,,,,,,,,,,,,,,,,,,,,,,,,,,,,,,,,,,,,,,,,,,,,,,,,,,,,,,,,,,,,
